노선번호,정류장명
10,갈곡리종점
10,갈곡다리앞
10,갈곡리
10,법원읍도서관.초리골
10,우시장
10,법원구터미널.우시장
10,천현초교
10,법원읍하나로마트
10,법원리우체국
10,법원사거리
10,은빛사랑채
10,삼마군인아파트
10,대능사거리
10,대능1리
10,법원체육공원
10,노블하임빌앞
10,호명교
10,애룡호수입구
10,연풍리
10,파주제일교회
10,부대앞
10,천국기도원
10,전진사
10,검전리
10,검전리교차로
10,창만1리
10,신산5리
10,나자렛묘원
10,미군부대앞
10,새술막
10,신산3리
10,신산아트빌라
10,광탄삼거리
10,사단후문
10,인쇄단지
10,오산리기도원
10,오산1리
10,오산2리
10,오산2리.연당말
10,오성주유소
10,덕암초등학교
10,뇌조삼거리
10,등원1리
10,낙머리
10,낙머리
10,PX마을
10,은행마을
10,영태6리.파주이슬람성원
10,영태3리
10,정목고.정목중
10,순복음평화교회
10,주유소앞
10,금촌농협
10,금촌역
10,금촌사거리
10,장안아파트
10,KT파주지사.보훈회관
10,대하마트
10,새꽃마을1단지
10,새꽃마을삼거리
10,금화초등학교
10,후곡마을4단지
10,금릉초등학교.쇠재마을5단지
10,중앙하이츠아파트
10,중앙도서관
10,우체국.건강보험공단
10,금촌지구교차로(미정차)
10,와동교차로(미정차)
10,와동육교
10,가람마을4단지
10,가람마을1단지
10,해솔마을11단지
10,해솔마을4단지
10,지산중학교.운정행복센터
10,해솔마을2.5단지
10,산내마을11단지
10,운정고등학교
10,한울마을1단지.LH파주본부
10,한울마을2단지
10,경기인력개발원
10,한빛마을3.6단지
10,한빛마을4.8단지
10,한소망교회
10,하이파크시티1단지.고양시립덕이도서관
10,덕이중학교
10,하이파크시티2.3단지
10,하이파크시티4.5단지
10,하누리타운빌리지
10,덕이동행정복지센터
10,농수산물센터
10,예비군훈련장.성저3.4단지
10,대화역
10,백병원(중)
10,장촌공원사거리.일산백병원입구
10,문촌마을14.19단지
10,일산디엠시티스카이뷰.현대백화점
10,킨텍스역.원시티1단지
10,원마운트
10,한수초등학교
10,문촌마을(중)
10,백병원(중)
10,대화역
10,예비군훈련장.성저3.4단지
10,농수산물센터
10,덕이동행정복지센터
10,하누리타운빌리지
10,하이파크시티4.5단지
10,하이파크시티2.3단지
10,덕이중학교
10,하이파크시티1단지.고양시립덕이도서관
10,송학동
10,한빛마을4.8단지
10,한빛마을3.6단지
10,경기인력개발원
10,한울마을2단지
10,한울마을1단지.LH파주본부
10,운정고등학교
10,산내마을11단지
10,해솔마을2.5단지
10,지산중학교.운정행복센터
10,가람마을9단지
10,해솔마을11단지
10,가람마을1단지
10,가람마을4단지
10,와동육교
10,와동교차로(미정차)
10,금촌지구교차로(미정차)
10,우체국.건강보험공단
10,중앙도서관
10,풍림아파트
10,금릉초등학교
10,후곡마을4단지
10,금화초교.3단지
10,새꽃마을삼거리
10,새꽃마을1단지
10,대하마트
10,금촌로타리.평생학습관
10,KT파주지사.보훈회관
10,장안아파트
10,금촌사거리
10,금촌통일시장
10,금촌역
10,금촌1동
10,주유소앞
10,순복음평화교회
10,정목고.정목중
10,영태3리
10,영태6리.파주이슬람성원
10,은행마을
10,PX마을
10,낙머리
10,등원1리
10,뇌조삼거리
10,덕암초등학교
10,오성주유소
10,오산2리.연당말
10,오산2리
10,오산1리
10,오산리기도원
10,인쇄단지
10,전진마을
10,사단정문
10,사단후문
10,광탄삼거리
10,신산아트빌라
10,신산3리
10,새슬막
10,미군부대
10,나자렛묘원
10,신산5리
10,창만2리
10,검전리교차로
10,검전리
10,전진사
10,천국기도원
10,부대앞
10,파주제일교회
10,연풍삼거리
10,애룡호수입구
10,호명교앞
10,노블하임빌앞
10,법원체육공원
10,대능1리
10,대능사거리
10,삼마군인아파트
10,은빛사랑채
10,대능리
10,법원리우체국
10,법원읍하나로마트
10,천현초교
10,법원구터미널.우시장
10,율곡중고.법원읍행정복지센터
10,법원읍도서관.초리골
10,갈곡리
10,갈곡다리앞
10,갈곡리종점
100,위시티1단지후문.양일초교
100,위시티3.4단지
100,위시티주상복합단지
100,위시티5단지
100,일산자이센트리지.위시티블루밍5단지
100,일산자이센트리지.일산자이더헤리티지
100,은행마을3단지
100,은행마을2단지
100,은행마을사거리
100,은행마을1단지
100,풍3동
100,성원에이스아파트
100,숲속마을1단지.풍동성당
100,단풍마을1단지
100,성원아래정류장
100,백마누리.백마골프장
100,백마역입구
100,백마역
100,백마중학교
100,백석고등학교
100,백신중학교.이마트
100,마두역(중)
100,일산동구청(중)
100,일산동부경찰서(중)
100,강선마을(중)
100,주엽역(중)
100,문촌마을(중)
100,장촌공원사거리.일산백병원입구
100,문촌마을14.19단지
100,일산디엠시티스카이뷰.현대백화점
100,킨텍스역.원시티1단지
100,아쿠아리움
100,시티프라디움
100,빛마루.이비에스
100,소노캄호텔
100,킨텍스역2번출구.포레나킨텍스
100,포레나킨텍스오피스텔
100,현대백화점
100,한수초등학교
100,주엽역사거리
100,주엽역(중)
100,강선마을(중)
100,일산동부경찰서(중)
100,일산동구청(중)
100,마두역(중)
100,금계초등학교.이마트
100,백석초등학교
100,백마중학교
100,백마역
100,백마누리.백마골프장
100,성원아래정류소.에이스아파트
100,숲속마을1단지
100,성원에이스아파트
100,은행마을1단지
100,은행마을사거리
100,은행마을2단지
100,은행마을3단지
100,일산자이더헤리티지.일산자이센트리지
100,위시티블루밍5단지.일산자이센트리지
100,위시티5단지
100,위시티주상복합단지
100,위시티3.4단지
100,위시티2단지후문
11,성석동
11,청석궁.성석동감내
11,상감천마을
11,부대앞
11,고양송암고등학교
11,고봉초교.중산고교
11,해태쇼핑.중산사거리
11,중산6단지.중산초교.중산중학교
11,삼성아파트.중산마을8단지
11,중산마을10단지.동신아파트
11,중산마을입구.쌍용아파트.실로암병원
11,북일산전화국.일산2동행정복지센터
11,일산서구보건소
11,산들마을5단지
11,일산역
11,신촌초등학교.일산서구청소년수련관
11,오마중학교
11,문촌초등학교
11,주엽역(중)
11,강선마을(중)
11,일산동부경찰서(중)
11,일산동구청(중)
11,마두역(중)
11,금계초등학교.이마트
11,백석초등학교
11,백마중학교
11,백마역
11,성원에이스아파트
11,풍3동
11,고양시도로관리사업소차량등록과
11,식사오거리.영심동마을
11,원당중학교
11,고양시청.덕양구보건소
11,삼혜그린뷰아파트
11,리스쇼핑.원당시장
11,성사1동행정복지센터
11,어울림마을입구
11,어울림마을7단지
11,성사2동행정복지센터
11,고양어울림누리.달빛마을1단지
11,화정1동행정복지센터
11,명지병원.달빛마을3단지
11,화정동단독주택단지
11,화정역.덕양구청
11,별빛마을8단지.롯데마트
11,근린공원
11,화정2동행정복지센터
11,옥빛17단지.롯데마트고양점
11,샘터3단지.고양시교통정보센터
11,샘터마을2단지.신능중학교
11,무원마을.단독주택단지
11,행신역
11,무원마을3단지
11,무원마을.단독주택단지
11,샘터마을2단지.신능중학교
11,햇빛18단지.롯데마트고양점
11,화정2동행정복지센터
11,근린공원
11,화정역.롯데마트
11,덕양구청
11,화정동단독주택단지
11,명지병원.은빛마을5단지
11,화정1동행정복지센터
11,고양어울림누리.달빛마을1단지
11,성사2동행정복지센터
11,어울림마을7단지
11,어울림마을입구
11,성사1동행정복지센터
11,롯데캐슬.원당시장
11,삼혜그린뷰아파트
11,고양시청.덕양구보건소
11,양조장입구
11,원당중학교
11,식사오거리.영심동마을
11,고양시도로관리사업소차량등록과
11,풍3동
11,성원에이스아파트
11,백마역
11,백마중학교
11,백석고등학교
11,백신중학교.이마트
11,마두역(중)
11,일산동구청(중)
11,일산동부경찰서(중)
11,강선마을(중)
11,주엽역(중)
11,문촌초등학교
11,오마초등학교
11,신촌초등학교.일산서구청소년수련관
11,일산역
11,산들마을5단지
11,일산서구보건소
11,북일산전화국.일산2동행정복지센터
11,쌍용아파트.중산마을입구
11,중산마을10단지.동신아파트
11,중산마을11단지.현대아파트.삼성아파트
11,중산중학교.중산마을5단지
11,해태쇼핑.중산사거리
11,고봉초교.중산고교
11,고양송암고등학교
11,부대앞
11,상감천마을
11,청석궁.성석동감내
11,성석동
150,장터고개.맥금동영업소
150,배무기
150,검산초등학교
150,유승아파트
150,성원아파트
150,대방아파트
150,풀무골
150,문산제일고
150,문산제일고삼거리
150,방호벽사거리
150,독점말.대방노블랜드2차아파트
150,금촌동문아파트
150,팜스프링아파트
150,금촌농협
150,금촌역
150,금촌전통시장입구
150,순달교
150,금촌교
150,하지석동입구
150,교하파출소
150,이마트파주점
150,당하동삼거리
150,당하동
150,와동동
150,가람마을4단지
150,가람마을3.4.6단지
150,가람마을2.8단지(중)
150,해솔마을4단지
150,지산중학교.운정행복센터
150,해솔마을2.5단지
150,산내마을11단지
150,운정고등학교
150,한울마을1단지.LH파주본부
150,한울마을2단지
150,경기인력개발원
150,새암공원
150,한울마을3.5단지
150,운정야당지구대
150,한울공원
150,동패중.고등학교
150,삽다리사거리
150,덕이동문아파트
150,중앙하이츠아파트
150,만자고개
150,백송고등학교.백송마을
150,고양예고입구
150,송산3통
150,덕이초등학교
150,덕이동행정복지센터사거리
150,농수산물센터
150,예비군훈련장.성저3.4단지
150,대화역
150,백병원(중)
150,문촌마을(중)
150,주엽역(중)
150,강선마을(중)
150,일산동부경찰서(중)
150,일산동구청(중)
150,마두역(중)
150,호수마을(중)
150,알미공원.일산동구보건소(중)
150,백석역(중)
150,흰돌마을.서안아파트
150,우편집중국
150,섬말다리
150,신주택
150,일산화훼단지
150,삼성당
150,삼성당다리
150,대곡역두산위브
150,능곡초교
150,능곡시장
150,능곡역
150,능곡전화국
150,능곡화원
150,행주IC(미정차)
150,개화IC(미정차)
150,개화역1번출구.개화검문소
150,개화119안전센터
150,방화중학교
150,롯데몰.김포공항역
150,김포공항국제선(2번홈)
150,한국공항공사
150,김포공항국내선(10번홈)
150,공항동(미정차)
150,김포공항입구(미정차)
150,방화중학교
150,방화동도시개발11단지
150,개화119안전센터
150,개화역1번출구.개화검문소
150,개화IC(미정차)
150,행주고가차도
150,능곡화원
150,능곡전화국
150,능곡역.능곡시장
150,능곡초등학교
150,대곡역두산위브
150,삼성당다리
150,삼성당
150,일산화훼단지
150,신주택
150,섬말다리
150,우편집중국
150,흰돌5단지.서안아파트
150,안산공원.일산동구보건소(중)
150,흰돌마을(중)
150,마두역(중)
150,일산동구청(중)
150,일산동부경찰서(중)
150,강선마을(중)
150,주엽역(중)
150,문촌마을(중)
150,백병원(중)
150,대화역
150,예비군훈련장.성저3.4단지
150,농수산물센터
150,덕이동행정복지센터사거리
150,덕이초등학교
150,송산3통
150,고양예고입구
150,송포백송
150,만자고개
150,중앙하이츠아파트
150,덕이동문아파트
150,삽다리사거리
150,동패중.고등학교
150,한울공원
150,운정야당지구대
150,한울마을3.5단지
150,새암공원
150,경기인력개발원
150,한울마을2단지
150,한울마을1단지.LH파주본부
150,운정고등학교
150,산내마을11단지
150,해솔마을2.5단지
150,지산중학교.운정행복센터
150,가람마을9단지
150,가람마을2.8단지(중)
150,가람마을3.4.6단지
150,가람마을4단지
150,와동동
150,당하동
150,당하동삼거리
150,이마트파주점
150,교하파출소
150,금촌교
150,순달교
150,금촌전통시장입구
150,금촌역
150,금촌1동
150,팜스프링아파트
150,금촌동문아파트
150,독점말.대방노블랜드2차아파트
150,방호벽사거리
150,문산제일고교
150,문산제일고정문
150,야동동
150,대방아파트
150,성원아파트
150,유승아파트
150,검산초등학교
150,배무기
150,맥금동종점
17,서영대학교
17,덕은4리
17,덕은4리.우리식당
17,LCD산업단지
17,양지마을입구
17,덕은5리
17,월롱면행정복지센터
17,월롱역
17,위전1리
17,위전3리.신성레미콘
17,영태1리
17,영태5리
17,정목고.정목중
17,순복음평화교회
17,주유소앞
17,금촌농협
17,금촌역
17,금촌사거리
17,장안아파트
17,KT파주지사.보훈회관
17,대하마트
17,새꽃마을1단지
17,새꽃마을삼거리
17,금화초등학교
17,후곡마을4단지
17,쇠재마을5단지
17,노인복지회관.경찰서
17,파주스타디움
17,대창리
17,말레이지아교
17,조리사거리(미정차)
17,조리읍행정복지센터
17,봉일천시장
17,조리농협삼일운동기념비
17,봉일천4리
17,파주삼릉
17,송촌토파즈아파트
17,한미해병참전비
17,농협하나로클럽
17,장곡삼거리
17,내유동
17,중간내유동
17,윗내유동.희망양로원
17,내유초등학교
17,(임시)서울시립고양병원입구
17,고골입구
17,가장동
17,두포동.관산동성당
17,관산삼거리
17,고양외고.고양제일중학교
17,관산주공아파트.관산동행정복지센터
17,관산동.벽제시장
17,신성아파트
17,필리핀참전비
17,대자동
17,서울시립승화원
17,세원마을입구
17,신원마을1단지.신원중
17,신원마을2.4단지
17,신원마을3단지
17,삼송주택앞
17,삼송역사거리.지축차량기지입구
17,힐스테이트삼송역
17,삼송테크노밸리
17,동산동능모퉁이.한국지역난방공사
17,은평뉴타운10단지(중)
17,구파발역.롯데몰(서울도심)
17,박석고개.신도고등학교(중)
17,세명컴퓨터고등학교(중)
17,연신내역.연서시장(중)
17,동명여고.천주교불광동성당(중)
17,불광역3.6호선(중)
17,양광교회앞
17,불광역3.6호선(중)
17,동명여고.천주교불광동성당(중)
17,연신내역.연서시장(중)
17,세명컴퓨터고등학교(중)
17,박석고개.신도고등학교(중)
17,구파발역.롯데몰(고양.파주)
17,구파발역(미정차)
17,은평뉴타운10단지(중)
17,동산동능모퉁이.한국지역난방공사
17,삼송테크노밸리
17,삼송역현대헤리엇아파트
17,삼송역사거리.지축차량기지입구
17,삼송주택앞
17,신원마을3단지
17,신원마을2.4단지
17,신원마을1단지.신원중
17,세원마을입구
17,서울시립승화원
17,대자동
17,필리핀참전비
17,새서울아파트
17,더퍼스트프라임
17,관산동.벽제시장
17,관산주공아파트.관산동행정복지센터
17,고양외고.고양제일중학교
17,관산삼거리
17,두포동.관산동성당
17,가장동
17,고골입구
17,서울시립고양병원입구
17,내유초등학교앞
17,윗내유동.희망양로원
17,중간내유동
17,내유동
17,장곡삼거리
17,농협하나로클럽
17,한미해병참전비
17,파주삼릉
17,봉일천4리
17,조리농협삼일운동기념비
17,봉일천시장
17,조리읍행정복지센터
17,조리사거리(미정차)
17,말레이지아교
17,대창리
17,파주스타디움
17,장안흰돌마을아파트
17,노인복지회관.파주병원
17,쇠재마을5단지
17,후곡마을4단지
17,금화초교.3단지
17,새꽃마을삼거리
17,새꽃마을1단지
17,대하마트
17,금촌로타리.평생학습관
17,KT파주지사.보훈회관
17,장안아파트
17,금촌사거리
17,금촌통일시장
17,금촌역
17,금촌1동
17,주유소앞
17,순복음평화교회
17,정목고.정목중
17,영태5리
17,영태1리
17,위전3리.신성레미콘
17,월롱역
17,월롱면행정복지센터
17,덕은5리
17,양지마을입구
17,LCD산업단지
17,덕은4리.우리식당
17,덕은4리
17,덕은2리교차로
17,서영대학교
171,북악중학교
171,봉국사
171,정릉2동주민센터
171,숭덕초교
171,정릉길음시장
171,미아리고개.미아리예술극장(중)
171,돈암사거리.성신여대입구(중)
171,삼선교.한성대학교(중)
171,혜화동로터리.여운형활동터(중)
171,명륜3가.성대입구(중)
171,창경궁.서울대학교병원(중)
171,창덕궁.우리소리박물관
171,안국역.서울공예박물관
171,덕성여중고
171,경복궁역1번출구
171,사직단.어린이도서관
171,영천시장
171,금화초등학교.서울시교육청
171,미동초등학교
171,충정로역(중)
171,아현역(중)
171,웨딩타운(중)
171,이대역(중)
171,신촌아트레온
171,연세로.문학의거리
171,연세로.명물거리
171,연세대앞(중)
171,서대문우체국(중)
171,연희104고지앞.구성산회관(중)
171,성산2교
171,중동초등학교
171,성산2동주민센터
171,성산119안전센터
171,성산아파트
171,월드컵경기장북측
171,DMC상암센트럴파크
171,상암초등학교
171,상암DMC홍보관.YTN
171,누리꿈스퀘어.MBC
171,월드컵파크5단지.상암중고등학교입구
171,월드컵파크7단지
171,대덕동행정복지센터
171,월드컵파크9.10.11.12단지
171,상암고등학교
171,월드컵파크5단지
171,상암DMC홍보관.YTN
171,상암초등학교
171,DMC상암센트럴파크
171,월드컵경기장북측
171,성산아파트
171,성산119안전센터
171,성산2동주민센터
171,중동초등학교
171,성산2교
171,연희104고지앞.궁동근린공원
171,서대문우체국(중)
171,연세대학교앞
171,세브란스병원
171,신촌기차역
171,이대역(중)
171,웨딩타운(중)
171,아현역(중)
171,충정로역(중)
171,금화초등학교.서울시교육청
171,독립문
171,사직단
171,서울경찰청.경복궁역
171,경복궁
171,안국역6번출구.인사동문화의거리
171,창덕궁.우리소리박물관
171,창경궁.서울대학교병원
171,명륜동2가.성균관대입구
171,삼선교.한성대학교.조소앙활동터(중)
171,돈암사거리.성신여대입구(중)
171,미아리고개.미아리예술극장(중)
171,길음뉴타운(중)
171,길음역3번출구B
171,길음뉴타운10단지.라온유아파트
171,숭덕초교
171,정릉2동주민센터
171,봉국사
171,고려대사범대학부속고등학교
171,청덕초교
171,국민대앞
19,장흥자연휴양림
19,석현삼거리
19,봄날의정원
19,플러스편의점
19,꿈의궁전
19,대승사.법화사
19,여울목
19,돌고개유원지입구
19,천하장사
19,권율장군묘
19,양주시립장욱진미술관.장흥관광지관리사무소
19,송암천문대입구
19,황토불가마입구
19,장흥아트파크
19,일영4리
19,청암민속박물관
19,푸른옥마을
19,한맥빌라
19,장흥면행정복지센터
19,장흥
19,장흥고가밑
19,샘말
19,장흥교회
19,마당뜰앞
19,일영역
19,정자동다리.일영유원지
19,재궁마을.천생연분마을
19,장자원유원지
19,양주변전소
19,삼하리
19,비석거리
19,고양듀클래스지식산업센터.오금동고개
19,효자동.산막골
19,경남식당
19,참절
19,지축중흥S클래스.위스테이지축
19,지축중학교
19,지축센텀가든
19,지축동
19,래미안922동앞
19,래미안909동앞
19,구파발역.롯데몰(서울도심)
19,진관동주민센터.은평우체국
19,구파발역2번출구
19,롯데캐슬823동앞
19,롯데캐슬820동앞
19,지축동
19,지축역수피움
19,지축중학교
19,위스테이지축.지축중흥S클래스
19,참절.위스테이지축후문
19,경남식당
19,효자동.산막골
19,고양듀클래스지식산업센터.오금동고개
19,비석거리
19,삼하리
19,양주변전소
19,장자원유원지
19,재궁마을.천생연분마을
19,정자동다리.일영유원지
19,삼상2리마을회관앞
19,일영역
19,마당뜰앞
19,장흥교회
19,샘말
19,장흥고가밑
19,장흥
19,한맥빌라
19,푸른옥마을
19,청암민속박물관
19,일영5리
19,장흥아트파크
19,황토불가마입구
19,송암천문대입구
19,양주시립장욱진미술관.장흥관광지관리사무소
19,권율장군묘
19,천하장사
19,돌고개유원지입구
19,여울목
19,대승사.법화사
19,꿈의궁전
19,봄날의정원
19,예뫼골
19,장흥자연휴양림
19-1,장흥자연휴양림
19-1,석현삼거리
19-1,봄날의정원
19-1,플러스편의점
19-1,꿈의궁전
19-1,대승사.법화사
19-1,여울목
19-1,안돌고개
19-1,돌고개.신털뫼
19-1,안돌고개
19-1,돌고개유원지입구
19-1,천하장사
19-1,권율장군묘
19-1,양주시립장욱진미술관.장흥관광지관리사무소
19-1,송암천문대입구
19-1,황토불가마입구
19-1,장흥아트파크
19-1,일영4리
19-1,청암민속박물관
19-1,푸른옥마을
19-1,한맥빌라
19-1,장흥면행정복지센터
19-1,장흥
19-1,장흥고가밑
19-1,샘말
19-1,장흥교회
19-1,마당뜰앞
19-1,일영역
19-1,정자동다리.일영유원지
19-1,재궁마을.천생연분마을
19-1,장자원유원지
19-1,양주변전소
19-1,삼하리
19-1,비석거리
19-1,고양듀클래스지식산업센터.오금동고개
19-1,효자동.산막골
19-1,경남식당
19-1,참절
19-1,지축중흥S클래스.위스테이지축
19-1,지축중학교
19-1,지축센텀가든
19-1,지축동
19-1,래미안922동앞
19-1,래미안909동앞
19-1,구파발역.롯데몰(서울도심)
19-1,진관동주민센터.은평우체국
19-1,구파발역2번출구
19-1,롯데캐슬823동앞
19-1,롯데캐슬820동앞
19-1,지축동
19-1,지축역수피움
19-1,지축중학교
19-1,위스테이지축.지축중흥S클래스
19-1,참절.위스테이지축후문
19-1,경남식당
19-1,효자동.산막골
19-1,고양듀클래스지식산업센터.오금동고개
19-1,비석거리
19-1,삼하리
19-1,양주변전소
19-1,장자원유원지
19-1,재궁마을.천생연분마을
19-1,정자동다리.일영유원지
19-1,삼상2리마을회관앞
19-1,일영역
19-1,마당뜰앞
19-1,장흥교회
19-1,샘말
19-1,장흥고가밑
19-1,장흥
19-1,한맥빌라
19-1,푸른옥마을
19-1,청암민속박물관
19-1,일영5리
19-1,장흥아트파크
19-1,황토불가마입구
19-1,송암천문대입구
19-1,양주시립장욱진미술관.장흥관광지관리사무소
19-1,권율장군묘
19-1,천하장사
19-1,돌고개유원지입구
19-1,여울목
19-1,대승사.법화사
19-1,꿈의궁전
19-1,봄날의정원
19-1,예뫼골
19-1,장흥자연휴양림
20,교하차고지
20,오도1리(미정차)
20,오도1리
20,오도리
20,오도삼거리
20,다락골
20,다율동
20,다율4통
20,다율4통
20,연다산32통
20,문발동.진골
20,교하맛골
20,문발동.가운데말
20,파주파비뇽
20,신촌산업단지
20,구문발I.C
20,활자마을
20,출판단지.신촌동
20,활자마을
20,영화마을
20,롯데프리미엄아울렛
20,심학교
20,이채쇼핑몰
20,이석사거리
20,은석교사거리
20,산남동
20,가게앞
20,박사골
20,구정미소
20,오다리
20,산남교회
20,궁말
20,SBS전원마을
20,거그뫼
20,탑골마을
20,되레지마을사거리앞
20,당음마을
20,두신마을
20,성재공단입구
20,덕이동문2차아파트
20,만자고개
20,만자고개
20,백송고등학교.백송마을
20,고양예고입구
20,송산3통
20,덕이초등학교
20,덕이동행정복지센터사거리
20,덕이동행정복지센터
20,덕이동로데오거리
20,덕이의류상가.현충공원.태극단사거리
20,서울도시가스
20,신원아파트
20,한뫼초교.일산중고교
20,일산시장
20,일산터미널
20,북일산전화국.일산2동행정복지센터
20,일산복음병원.일산하이병원
20,하늘마을2.6단지
20,일산복음병원.일산하이병원
20,북일산전화국.일산2동행정복지센터
20,일산터미널
20,일산시장
20,한뫼초교.일산중고교
20,신원아파트앞
20,서울도시가스
20,현충공원.태극단사거리
20,덕이동로데오거리
20,덕이동행정복지센터
20,덕이동행정복지센터사거리
20,덕이초등학교
20,송산3통
20,고양예고입구
20,송포백송
20,만자고개
20,덕이동문2차아파트
20,성재공단입구
20,두신마을
20,당음마을
20,되레지마을사거리앞
20,탑골마을
20,거그뫼
20,SBS전원마을
20,궁말
20,산남교회
20,SBS전원마을
20,오다리
20,구정미소
20,박사골
20,가게앞
20,산남동
20,은석교사거리
20,다산교앞
20,이채쇼핑몰
20,심학교
20,롯데프리미엄아울렛
20,영화마을
20,활자마을
20,출판단지.신촌동
20,활자마을
20,구문발I.C
20,신촌산업단지
20,파주파비뇽아울렛
20,문발동.가운데말
20,교하맛골
20,문발공단
20,연다산32통
20,다율4통
20,다율동
20,다락골
20,오도삼거리
20,오도리
20,오도1리
20,신성교하차고지
20-1,교하차고지
20-1,오도1리(미정차)
20-1,오도1리
20-1,오도리
20-1,오도삼거리
20-1,다락골
20-1,다율동
20-1,다율4통
20-1,연다산32통
20-1,문발동.진골
20-1,교하맛골
20-1,문발동.가운데말
20-1,파주파비뇽아울렛
20-1,문발동.가운데말
20-1,교하맛골
20-1,문발동(한성타워앞)
20-1,문발동.윗말
20-1,문발동
20-1,문발동.아랫말
20-1,서패동
20-1,심학초교
20-1,동패11통입구
20-1,동패10통
20-1,동패동.안골
20-1,동패9통
20-1,산남입구
20-1,가재울
20-1,삽다리사거리
20-1,덕이동문아파트
20-1,중앙하이츠아파트
20-1,만자고개
20-1,백송고등학교.백송마을
20-1,고양예고입구
20-1,송산3통
20-1,덕이초등학교
20-1,덕이동행정복지센터사거리
20-1,덕이동행정복지센터
20-1,덕이동로데오거리
20-1,덕이의류상가.현충공원.태극단사거리
20-1,메디누리병원
20-1,신원아파트
20-1,한뫼초교.일산중고교
20-1,일산시장
20-1,일산터미널
20-1,일산서구보건소
20-1,현대홈타운
20-1,일산시장
20-1,동양아파트
20-1,동문아파트
20-1,성저초등학교
20-1,장성중학교.대진고등학교
20-1,장성초교
20-1,대화역
20-1,고양종합운동장.일산서구청
20-1,일산서부경찰서
20-1,성저리
20-1,송산3통
20-1,고양예고입구
20-1,송포백송
20-1,만자고개
20-1,중앙하이츠아파트
20-1,덕이동문아파트
20-1,삽다리사거리
20-1,동패9통
20-1,가재울
20-1,산남입구
20-1,동패9통
20-1,동패동.안골
20-1,동패10통
20-1,동패11통입구
20-1,심학초교
20-1,서패동
20-1,문발동.아랫말
20-1,문발동
20-1,문발초교
20-1,문발동(한성타워앞)
20-1,문발동.진골
20-1,교하맛골
20-1,문발동.가운데말
20-1,파주파비뇽아울렛
20-1,문발동.가운데말
20-1,교하맛골
20-1,문발공단
20-1,연다산32통
20-1,다율4통
20-1,다율동
20-1,다락골
20-1,오도삼거리
20-1,오도리
20-1,오도1리
20-1,신성교하차고지
2000,구래리차고지
2000,금성백조예미지
2000,김포한강3차푸르지오
2000,나비마을삼거리
2000,LH한가람마을2단지
2000,우미린아파트후문
2000,한가람마을우미린.호수이편한세상
2000,구래역
2000,화성파크드림.솔터마을입구
2000,힐스테이트.경남아너스빌
2000,마산역
2000,김포생활체육관
2000,뉴고려병원
2000,타운하우스
2000,우미린.반도유보라아파트
2000,장기고등학교
2000,중흥s클래스.우남퍼스트빌
2000,한강센트럴자이
2000,자이타워
2000,롯데마트.래미안한강아파트
2000,캐널시티
2000,수정마을.쌍용예가
2000,전원마을1단지.김포한강롯데캐슬
2000,전원마을3단지.KCC스위첸
2000,화성파크드림.KCC스위첸
2000,한옥마을.아트빌리지.문화원
2000,샘재마을
2000,향교마을
2000,걸포동
2000,일산대교TG(미정차)
2000,자유로출입(미정차)
2000,대화마을입구삼거리
2000,한국건설기술연구원.킨텍스
2000,대화중학교.종합운동장
2000,대화역
2000,백병원(중)
2000,문촌마을(중)
2000,주엽역(중)
2000,강선마을(중)
2000,일산동부경찰서(중)
2000,일산동구청(중)
2000,마두역(중)
2000,호수마을(중)
2000,알미공원.일산동구보건소(중)
2000,백석동.요진와이시티(중)
2000,대곡역(중)
2000,토당육교(미정차)
2000,고양경찰서.토당청소년수련관(중)
2000,샘터마을2단지
2000,샘터마을1단지.무원고등학교
2000,무원마을1단지.소만초교
2000,삼보마트
2000,행신역
2000,행신2동행정복지센터
2000,무원마을2.3단지
2000,소만마을7단지.삼보마트
2000,샘터마을1단지.무원고등학교
2000,행신초등학교.더자인병원(중)
2000,고양경찰서.토당청소년수련관(중)
2000,토당육교(미정차)
2000,대곡역(중)
2000,백석동.요진와이시티(중)
2000,안산공원.일산동구보건소(중)
2000,흰돌마을(중)
2000,마두역(중)
2000,일산동구청(중)
2000,일산동부경찰서(중)
2000,강선마을(중)
2000,주엽역(중)
2000,문촌마을(중)
2000,백병원(중)
2000,대화역
2000,대화중학교.종합운동장
2000,한국건설기술연구원.킨텍스
2000,대화마을입구삼거리
2000,자유로진입(미정차)
2000,일산대교TG(미정차)
2000,걸포동
2000,향교마을
2000,샘재마을
2000,한옥마을.아트빌리지.문화원
2000,화성파크드림.KCC스위첸
2000,전원마을3단지.KCC스위첸
2000,전원마을1단지.김포한강롯데캐슬
2000,수정마을.휴먼시아
2000,캐널시티
2000,래미안한강아파트
2000,자이타워
2000,한강센트럴자이
2000,중흥s클래스.우남퍼스트빌
2000,장기고등학교
2000,반도유보라.우미린아파트
2000,고창마을.반도유보라후문
2000,뉴고려병원.이니스더원
2000,김포생활체육관
2000,마산역
2000,힐스테이트.경남아너스빌
2000,솔터마을입구.화성파크드림
2000,구래역
2000,호수마을이편한세상.한가람우미린
2000,LH한가람마을2단지
2000,김포한강3차푸르지오
2000,금성백조예미지
2000,구래리차고지
22,장냇말앞
22,목장앞
22,장골부대앞
22,부곡1리마을회관
22,송추반석전원교회
22,윗가마골
22,부대앞
22,석현삼거리
22,봄날의정원
22,플러스편의점
22,꿈의궁전
22,대승사.법화사
22,여울목
22,돌고개유원지입구
22,천하장사
22,권율장군묘
22,양주시립장욱진미술관.장흥관광지관리사무소
22,송암천문대입구
22,황토불가마입구
22,장흥아트파크
22,일영4리
22,청암민속박물관
22,푸른옥마을
22,한맥빌라
22,장흥면행정복지센터
22,장흥
22,절골
22,삼성군인아파트
22,1군단앞
22,목암초.중교
22,푸른마을동익아파트
22,신성빌라.동익아파트
22,고양동사거리
22,고양동시장
22,국민은행
22,현대아파트
22,고양현대아파트
22,고양동시장
22,고양동사거리
22,푸른마을3단지
22,푸른마을동익아파트
22,목암초.중교
22,1군단앞
22,절골
22,장흥
22,한맥빌라
22,푸른옥마을
22,청암민속박물관
22,일영5리
22,장흥아트파크
22,황토불가마입구
22,송암천문대입구
22,양주시립장욱진미술관.장흥관광지관리사무소
22,권율장군묘
22,천하장사
22,돌고개유원지입구
22,여울목
22,대승사.법화사
22,꿈의궁전
22,봄날의정원
22,부대앞
22,윗가마골
22,아트밸리앞
22,송추반석전원교회
22,부곡1리마을회관
22,장골부대앞
22,목장앞
22,장냇말
271,면일초등학교
271,용마공원입구
271,중랑교(중)
271,삼육서울병원(중)
271,시조사삼거리(중)
271,떡전교사거리.동대문노인복지관(중)
271,청량리미주아파트.동대문세무서(중)
271,청량리역환승센터(4번승강장)
271,청량리.청과물도매시장(중)
271,제기동역.서울약령시장(중)
271,용두동사거리.한국의류시험연구원(중)
271,신설동역(중)
271,동묘앞.서울혜화경찰서(중)
271,동대문역.흥인지문(중)
271,종로6가.동대문종합시장(중)
271,종로5가.광장시장(중)
271,종로4가.종묘(중)
271,종로3가.탑골공원(중)
271,종로2가
271,종로1가(중)
271,광화문역(중)
271,충정로역(중)
271,아현역(중)
271,웨딩타운(중)
271,이대역(중)
271,신촌오거리.2호선신촌역(중)
271,신촌오거리.현대백화점(중)
271,동교동삼거리(중)
271,홍대입구역(중)
271,서교동(중)
271,합정역
271,메세나폴리스
271,성산초등학교입구
271,기업은행서교동지점(최규하대통령가옥)
271,망원시장.망원동월드컵시장입구
271,마포구청역입구
271,마포구청.성산자동차검사소
271,월드컵경기장남측.월드컵공원
271,월드컵공원입구.문화비축기지입구
271,월드컵파크3단지후문
271,월드컵파크3단지정문
271,월드컵파크2단지.에스플렉스센터
271,상암DMC홍보관.YTN
271,누리꿈스퀘어.MBC
271,월드컵파크5단지.상암중고등학교입구
271,월드컵파크7단지
271,대덕동행정복지센터
271,월드컵파크9.10.11.12단지
271,상암고등학교
271,월드컵파크5단지
271,상암DMC홍보관.YTN
271,월드컵파크2단지.에스플렉스센터
271,월드컵파크3단지.난지천공원
271,월드컵공원입구.문화비축기지입구
271,마포농수산물시장.월드컵공원
271,마포구청
271,마포구청역입구
271,망원시장.망원동월드컵시장입구
271,기업은행서교동지점(최규하대통령가옥)
271,성산초등학교입구
271,마포한강푸르지오
271,합정역
271,서교동(중)
271,홍대입구역(중)
271,동교동삼거리(중)
271,신촌오거리.현대백화점(중)
271,신촌오거리.2호선신촌역(중)
271,이대역(중)
271,웨딩타운(중)
271,아현역(중)
271,충정로역(중)
271,서대문역사거리(중)
271,서울역사박물관.경희궁앞(중)
271,광화문역(중)
271,종로1가(중)
271,종로2가(중)
271,종로3가.탑골공원(중)
271,종로4가.종묘(중)
271,종로5가.광장시장(중)
271,종로6가.동대문종합시장(중)
271,동대문역.흥인지문(중)
271,동묘앞.서울혜화경찰서(중)
271,신설동역(중)
271,용두동사거리(중)
271,제기동역.서울약령시장(중)
271,청량리수산시장
271,청량리역환승센터(3번승강장)
271,서울성심병원
271,휘경동입구
271,삼육서울병원(중)
271,중랑교(중)
271,면목6거리
271,용마공원입구
271,우리은행망우동지점
 ,장터고개.맥금동영업소
3,배무기
3,검산초등학교
3,유승아파트
3,성원아파트
3,대방아파트
3,풀무골
3,문산제일고
3,문산제일고삼거리
3,금촌체육공원
3,금촌사거리
3,장안아파트
3,파주시청
3,교육지원청
3,흰돌아파트
3,파주스타디움
3,대창리
3,말레이지아교
3,조리사거리(미정차)
3,조리읍행정복지센터
3,봉일천시장
3,봉일천시내
3,한라비발디
3,대원리
3,설문교
3,은곡마을회관
3,박애원
3,박애원
3,구양계장
3,육각정
3,운정4동2통
3,신창철강
3,마을입구
3,괸돌
3,상지석2통
3,축협
3,운정역
3,할인마트
3,신교하농협지산지점
3,상지석5통
3,새터마을
3,하감천마을
3,청석궁.성석동감내
3,상감천마을
3,부대앞
3,고양송암고등학교
3,고봉초교.중산고교
3,해태쇼핑.중산사거리
3,중산마을2단지.해태쇼핑.코오롱아파트
3,현산중학교
3,일산약국
3,일산터미널
3,일산시장
3,한뫼초교.일산중고교
3,신원아파트앞
3,한뫼초교.일산중고교
3,일산시장
3,일산터미널
3,일산약국
3,미주5차아파트.현산중학교
3,중산마을2단지.해태쇼핑.코오롱아파트
3,해태쇼핑.중산사거리
3,고봉초교.중산고교
3,부대앞
3,상감천마을
3,청석궁.성석동감내
3,하감천마을
3,새터마을
3,상지석5통
3,신교하농협지산지점
3,할인마트
3,운정역
3,축협
3,상지석2통
3,괸돌
3,마을입구
3,신창철강
3,운정4동2통
3,육각정
3,구양계장
3,박애원
3,박애원
3,은곡마을
3,설문교
3,대원리
3,한라아파트입구
3,봉일천시내
3,봉일천시장
3,조리읍행정복지센터
3,조리사거리(미정차)
3,말레이지아교
3,대창리
3,파주스타디움
3,흰돌아파트
3,교육지원청
3,파주시청
3,장안아파트
3,금촌사거리
3,금촌통일시장
3,금촌체육공원
3,문산제일고교
3,야동동
3,대방아파트
3,성원아파트
3,유승아파트
3,검산초등학교
3,배무기
3,맥금동종점
30,적성차고지
30,적성우체국
30,적성전통시장
30,적성파출소
30,마지고개
30,마지2리
30,마지2교
30,낙석
30,덕천리
30,웅담1리
30,웅담리
30,웅담초등학교
30,웅담우체국
30,웅담2리.곰시
30,웅담2리
30,웅담3리.노패
30,미타사공군부대
30,성산교회
30,금곡1리
30,금곡2리.파주시장애인종합복지관
30,넘어말
30,향나무앞
30,송암요양병원
30,삼성대.제일주유소
30,삼성대마을회관
30,대성빌라
30,법원3리
30,대성빌딩
30,법원리우체국
30,법원읍하나로마트
30,천현초교
30,법원구터미널.우시장
30,율곡중고.법원읍행정복지센터
30,법원읍도서관.초리골
30,우시장
30,법원구터미널.우시장
30,천현초교
30,법원읍하나로마트
30,법원리우체국
30,법원사거리
30,은빛사랑채
30,삼마군인아파트
30,대능사거리
30,대능1리
30,법원체육공원
30,노블하임빌앞
30,호명교
30,애룡호수입구
30,연풍삼거리
30,연풍시장
30,연풍초등학교
30,민방위교육장
30,세경고등학교
30,파주6리마을회관
30,오뚜기냉동식품
30,주내성당.파주휴먼시아
30,파주읍행정복지센터
30,주내삼거리.파주삼거리
30,주내보타사앞
30,파주1리
30,파주1리.마산리
30,한국강건
30,파주농협
30,파주백석교
30,두원공대
30,줄아위.봉암1리마을회관
30,파주역
30,봉암리.구파주역
30,구파주역
30,월롱교
30,월롱역
30,위전1리
30,위전3리.신성레미콘
30,영태1리
30,영태5리
30,영태4리.정목고앞
30,영태3리
30,영태6리.파주이슬람성원
30,은행마을
30,PX마을
30,낙머리
30,등원2리
30,조리읍행정복지센터
30,봉일천시장
30,조리농협삼일운동기념비
30,봉일천4리
30,파주삼릉
30,송촌토파즈아파트
30,한미해병참전비
30,농협하나로클럽
30,장곡삼거리
30,내유동
30,중간내유동
30,윗내유동.희망양로원
30,내유초등학교
30,(임시)서울시립고양병원입구
30,고골입구
30,가장동
30,두포동.관산동성당
30,관산삼거리
30,고양외고.고양제일중학교
30,관산주공아파트.관산동행정복지센터
30,관산동.벽제시장
30,신성아파트
30,필리핀참전비
30,대자동
30,서울시립승화원
30,세원마을입구
30,신원마을1단지.신원중
30,신원마을2.4단지
30,신원마을3단지
30,삼송주택앞
30,삼송역사거리.지축차량기지입구
30,은평뉴타운10단지(중)
30,구파발역.롯데몰(서울도심)
30,박석고개.신도고등학교(중)
30,세명컴퓨터고등학교(중)
30,연신내역.연서시장(중)
30,동명여고.천주교불광동성당(중)
30,불광역4번출구
30,양광교회
30,대조불광시장삼거리(미정차)
30,불광역3.6호선(중)
30,동명여고.천주교불광동성당(중)
30,연신내역.연서시장(중)
30,세명컴퓨터고등학교(중)
30,박석고개.신도고등학교(중)
30,구파발역.롯데몰(고양.파주)
30,구파발역(미정차)
30,은평뉴타운10단지(중)
30,삼송역사거리.지축차량기지입구
30,삼송주택앞
30,신원마을3단지
30,신원마을2.4단지
30,신원마을1단지.신원중
30,세원마을입구
30,서울시립승화원
30,대자동
30,필리핀참전비
30,새서울아파트
30,더퍼스트프라임
30,관산동.벽제시장
30,관산주공아파트.관산동행정복지센터
30,고양외고.고양제일중학교
30,관산삼거리
30,두포동.관산동성당
30,가장동
30,고골입구
30,서울시립고양병원입구
30,내유초등학교앞
30,윗내유동.희망양로원
30,중간내유동
30,내유동
30,장곡삼거리
30,농협하나로클럽
30,한미해병참전비
30,파주삼릉
30,봉일천4리
30,조리농협삼일운동기념비
30,봉일천시장
30,조리읍행정복지센터
30,등원2리
30,낙머리
30,PX마을
30,은행마을
30,영태6리.파주이슬람성원
30,영태3리
30,영태4리.정목고앞
30,영태5리
30,영태1리
30,위전3리.신성레미콘
30,월롱역
30,월롱교
30,구파주역
30,봉암리.구파주역
30,파주역
30,줄아위.봉암1리마을회관
30,두원공대
30,파주백석교
30,파주농협
30,봉암1리
30,한국강건
30,파주1리.마산리
30,파주1리
30,주내보타사앞
30,주내삼거리.파주삼거리
30,파주읍행정복지센터
30,주내성당.파주휴먼시아
30,오뚜기냉동식품
30,세경고등학교
30,민방위교육장
30,연풍초등학교
30,연풍시장
30,연풍삼거리
30,애룡호수입구
30,호명교앞
30,노블하임빌앞
30,법원체육공원
30,대능1리
30,대능사거리
30,삼마군인아파트
30,은빛사랑채
30,대능리
30,법원리우체국
30,법원읍하나로마트
30,천현초교
30,법원구터미널.우시장
30,율곡중고.법원읍행정복지센터
30,법원읍도서관.초리골
30,우시장
30,법원구터미널.우시장
30,천현초교
30,법원읍하나로마트
30,법원리우체국
30,대성빌딩
30,법원3리
30,삼성대
30,삼성대마을회관
30,삼성대주유소
30,송암요양병원
30,향나무앞
30,넘어말
30,금곡2리.파주시장애인종합복지관
30,금곡1리
30,성산교회
30,미타사공군부대
30,웅담3리.노패
30,웅담2리
30,웅담2리.곰시
30,웅담우체국
30,웅담초등학교
30,웅담리
30,웅담1리
30,덕천리
30,낙석
30,마지2교
30,식현리
30,마지2리
30,마지고개
30,적성파출소
30,적성전통시장
30,적성우체국
30,적성삼거리
31,신산3리
31,신산아트빌라
31,광탄삼거리
31,사단후문
31,인쇄단지
31,오산리기도원
31,오산1리
31,오산2리
31,오산2리.연당말
31,오성주유소
31,덕암초등학교
31,뇌조삼거리
31,등원1리
31,낙머리
31,등원2리
31,조리읍행정복지센터
31,봉일천시장
31,조리농협삼일운동기념비
31,봉일천4리
31,파주삼릉
31,송촌토파즈아파트
31,한미해병참전비
31,농협하나로클럽
31,장곡삼거리
31,내유동
31,중간내유동
31,윗내유동.희망양로원
31,내유초등학교
31,(임시)서울시립고양병원입구
31,고골입구
31,가장동
31,두포동.관산동성당
31,관산삼거리
31,고양외고.고양제일중학교
31,관산주공아파트.관산동행정복지센터
31,관산동.벽제시장
31,신성아파트
31,필리핀참전비
31,대자동
31,서울시립승화원
31,세원마을입구
31,신원마을1단지.신원중
31,신원마을2.4단지
31,신원마을3단지
31,삼송주택앞
31,삼송역사거리.지축차량기지입구
31,힐스테이트삼송역
31,은평뉴타운10단지(중)
31,구파발역.롯데몰(서울도심)
31,박석고개.신도고등학교(중)
31,세명컴퓨터고등학교(중)
31,연신내역.연서시장(중)
31,동명여고.천주교불광동성당(중)
31,불광역3.6호선(중)
31,양광교회앞
31,불광역3.6호선(중)
31,동명여고.천주교불광동성당(중)
31,연신내역.연서시장(중)
31,세명컴퓨터고등학교(중)
31,박석고개.신도고등학교(중)
31,구파발역.롯데몰(고양.파주)
31,구파발역(미정차)
31,은평뉴타운10단지(중)
31,삼송역현대헤리엇아파트
31,삼송역사거리.지축차량기지입구
31,삼송주택앞
31,신원마을3단지
31,신원마을2.4단지
31,신원마을1단지.신원중
31,세원마을입구
31,서울시립승화원
31,대자동
31,필리핀참전비
31,새서울아파트
31,더퍼스트프라임
31,관산동.벽제시장
31,관산주공아파트.관산동행정복지센터
31,고양외고.고양제일중학교
31,관산삼거리
31,두포동.관산동성당
31,가장동
31,고골입구
31,서울시립고양병원입구
31,내유초등학교앞
31,윗내유동.희망양로원
31,중간내유동
31,내유동
31,장곡삼거리
31,농협하나로클럽
31,한미해병참전비
31,파주삼릉
31,봉일천4리
31,조리농협삼일운동기념비
31,봉일천시장
31,조리읍행정복지센터
31,등원2리
31,낙머리
31,등원1리
31,뇌조삼거리
31,덕암초등학교
31,오성주유소
31,오산2리.연당말
31,오산2리
31,오산1리
31,오산리기도원
31,인쇄단지
31,전진마을
31,사단정문
31,사단후문
31,광탄삼거리
31,신산아트빌라
31,신산3리
313,신산3리
313,신산아트빌라
313,광탄삼거리
313,광탄시장
313,신산초등학교
313,양천한의원
313,신촌교회묘지입구
313,창만사거리
313,창만3리
313,창만리
313,마장1리
313,복월동
313,샘골
313,마장2리부대
313,마장삼거리
313,성운슈퍼
313,마장3리
313,제연낚시터
313,화인하우스
313,영장삼거리
313,영장1리
313,영장2교
313,기산리
313,기산2리마을회관
313,마장호수출렁다리
313,기산리
313,기산리
313,영장2교
313,군량굴
313,고령농원
313,영장출판인쇄단지
313,고령부대
313,고령
313,영장2리
313,기연가든
313,보광사
313,고개
313,부대앞
313,정식암
313,계명상회
313,고양동종점.고양레저타운
313,장단상회
313,보광주유소
313,추모공원하늘문
313,상곡마을
313,부대앞.감로정
313,보라빌라
313,고양동삼거리
313,목암초.중교
313,푸른마을동익아파트
313,고양동사거리
313,고양동시장
313,국민은행
313,현대아파트
313,응달촌
313,빈정동
313,선유동입구
313,부대앞
313,벽제역
313,대자삼거리
313,서울시립승화원
313,세원마을입구
313,신원마을1단지.신원중
313,신원마을2.4단지
313,신원상가앞
313,신원마을6단지
313,신원마을9.10단지
313,삼송마을14단지.농협대입구
313,원흥역6번출구
313,원흥역5번출구
313,원흥역2번출구
313,삼송마을14단지.농협대입구
313,신원마을9.10단지
313,신원마을6단지
313,신원상가앞
313,신원마을2.4단지
313,신원마을1단지.신원중
313,세원마을입구
313,서울시립승화원
313,대자삼거리
313,벽제역
313,부대앞
313,선유동입구
313,빈정동
313,응달촌
313,고양현대아파트
313,고양동시장
313,고양동사거리
313,푸른마을3단지
313,푸른마을동익아파트
313,목암초.중교
313,푸른마을10단지입구
313,푸른마을10단지.대명교회앞
313,고양동삼거리
313,보라빌라
313,부대앞.감로정
313,상곡마을
313,추모공원하늘문
313,보광주유소
313,장단상회
313,고양동종점.고양레저타운
313,계명상회
313,정식암
313,부대앞
313,고개
313,보광사
313,기연가든
313,영장2리
313,고령
313,고령부대
313,영장출판인쇄단지
313,고령농원
313,군량굴
313,영장2교
313,기산리
313,기산2리마을회관
313,마장호수출렁다리
313,기산리
313,기산리
313,영장2교
313,영장1리
313,영장삼거리
313,마장4리
313,화인하우스
313,제연낚시터
313,유일레져
313,성운슈퍼
313,마장삼거리
313,샘골
313,검바위교
313,복월동
313,마장1리
313,창만리
313,창만3리
313,창만사거리
313,신촌교회묘지입구
313,양천한의원
313,신산초교
313,광탄시장
313,신산아트빌라
313,신산3리
313-1,신산3리
313-1,신산아트빌라
313-1,광탄삼거리
313-1,광탄시장
313-1,라메르아파트.다나아병원
313-1,우주어린이집
313-1,광탄순복음교회
313-1,시몬의집
313-1,우렁골
313-1,마장교
313-1,마장삼거리
313-1,성운슈퍼
313-1,마장3리
313-1,제연낚시터
313-1,화인하우스
313-1,마장4리
313-1,영장삼거리
313-1,영장1리
313-1,영장2교
313-1,기산리
313-1,기산2리마을회관
313-1,마장호수출렁다리
313-1,기산리
313-1,기산리
313-1,영장2교
313-1,군량굴
313-1,고령농원
313-1,영장출판인쇄단지
313-1,고령부대
313-1,고령
313-1,영장2리
313-1,기연가든
313-1,보광사
313-1,고개
313-1,부대앞
313-1,정식암
313-1,계명상회
313-1,고양동종점.고양레저타운
313-1,장단상회
313-1,보광주유소
313-1,추모공원하늘문
313-1,상곡마을
313-1,부대앞.감로정
313-1,보라빌라
313-1,고양동삼거리
313-1,목암초.중교
313-1,푸른마을동익아파트
313-1,고양동사거리
313-1,고양동시장
313-1,국민은행
313-1,현대아파트
313-1,응달촌
313-1,빈정동
313-1,선유동입구
313-1,부대앞
313-1,벽제역
313-1,대자삼거리
313-1,서울시립승화원
313-1,세원마을입구
313-1,신원마을1단지.신원중
313-1,신원마을2.4단지
313-1,신원상가앞
313-1,신원마을6단지
313-1,신원마을9.10단지
313-1,삼송마을14단지.농협대입구
313-1,원흥역6번출구
313-1,원흥역5번출구
313-1,원흥역2번출구
313-1,삼송마을14단지.농협대입구
313-1,신원마을9.10단지
313-1,신원마을6단지
313-1,신원상가앞
313-1,신원마을2.4단지
313-1,신원마을1단지.신원중
313-1,세원마을입구
313-1,서울시립승화원
313-1,대자삼거리
313-1,벽제역
313-1,부대앞
313-1,선유동입구
313-1,빈정동
313-1,응달촌
313-1,고양현대아파트
313-1,고양동시장
313-1,고양동사거리
313-1,푸른마을3단지
313-1,푸른마을동익아파트
313-1,목암초.중교
313-1,푸른마을10단지입구
313-1,푸른마을10단지.대명교회앞
313-1,고양동삼거리
313-1,보라빌라
313-1,부대앞.감로정
313-1,상곡마을
313-1,추모공원하늘문
313-1,보광주유소
313-1,장단상회
313-1,고양동종점.고양레저타운
313-1,계명상회
313-1,정식암
313-1,부대앞
313-1,고개
313-1,보광사
313-1,기연가든
313-1,영장2리
313-1,고령
313-1,고령부대
313-1,영장출판인쇄단지
313-1,고령농원
313-1,군량굴
313-1,마장호수출렁다리
313-1,기산리
313-1,기산리
313-1,영장2교
313-1,영장1리
313-1,영장삼거리
313-1,마장4리
313-1,화인하우스
313-1,제연낚시터
313-1,유일레져
313-1,성운슈퍼
313-1,마장삼거리
313-1,마장교
313-1,우렁골
313-1,시몬의집
313-1,광탄순복음교회
313-1,우주어린이집
313-1,라메르아파트.다나아병원
313-1,광탄시장
313-1,신산아트빌라
313-1,신산3리
33,차고지대기(미정차)
33,월곶공영차고지
33,김포외국어고등학교
33,새터마을
33,옹정리입구
33,통진두레문화센터.청룡사
33,매수리마을
33,마송우회도로사거리
33,통진중고등학교
33,마송초교
33,도사리
33,배울
33,흥신리
33,오니산양수장
33,양곡중.고등학교
33,김포양곡5단지
33,곡촌3단지
33,곡촌1.2단지
33,신양초교.신양고교
33,고다니8단지
33,휴먼시아9단지
33,한가람마을우미린.호수이편한세상
33,호수마을5단지.호반베르디움2차
33,김포시자원화센터
33,지난마을
33,모산.연운사
33,은행연립
33,운곡마을
33,수자인.호반아파트
33,뉴고려병원
33,타운하우스
33,우미린.반도유보라아파트
33,장기역.주공아파트
33,장기역4번출구
33,고창초등학교
33,반도유보라2차.김포대학교
33,운양역
33,하늘빛마을
33,한신더휴테라스
33,샘재마을
33,향교마을
33,걸포동
33,일산대교TG(미정차)
33,자유로출입(미정차)
33,대화마을입구삼거리
33,킨텍스
33,힐스테이트일산
33,포레나킨텍스오피스텔
33,문촌마을14.19단지
33,백병원(중)
33,대화역(중)
33,대화중학교.종합운동장
33,한국건설기술연구원.킨텍스
33,대화마을입구삼거리
33,자유로진입(미정차)
33,일산대교TG(미정차)
33,걸포동
33,향교마을
33,샘재마을
33,한신더휴테라스
33,하늘빛마을
33,운양역2번출구
33,반도유보라2차.김포대학교
33,고창초등학교
33,장기역4번출구
33,장기역.신영아파트
33,반도유보라.우미린아파트
33,고창마을.반도유보라후문
33,뉴고려병원.이니스더원
33,수자인.호반아파트
33,운곡마을
33,은행연립
33,모산.연운사
33,지난마을
33,김포시자원화센터
33,호수마을5단지.호반베르디움2차
33,호수마을이편한세상.한가람우미린
33,이편한세상.한강아이파크
33,고다니8단지
33,신양초교.신양고교
33,곡촌1.2단지
33,곡촌3단지
33,김포양곡5단지
33,양곡중.고등학교
33,오니산양수장
33,흥신리
33,배울
33,도사리
33,마송초교
33,통진중고등학교
33,마송우회도로사거리
33,현대아파트.소망마을
33,통진두레문화센터.청룡사
33,옹정리입구
33,새터마을
33,김포외국어고등학교
33,월곶공영차고지(종점)
33,운행종료(미정차)
33-1,유현마을.신동아아파트
33-1,현대아파트(미정차)
33-1,당곡고개.풍무동행정복지센터
33-1,양도사거리.삼용아파트
33-1,서해1차아파트
33-1,서해2차아파트
33-1,풍무도서관
33-1,풍무푸르지오.풍무센트럴푸르지오
33-1,풍무역.트레이더스
33-1,조리미입구
33-1,사우고.김포시청
33-1,사우역.김포고(김포초교방면)
33-1,김포초교
33-1,한일아파트
33-1,걸포북변역(걸포초교방면)
33-1,걸포초교
33-1,걸포공원후문
33-1,일산대교TG(미정차)
33-1,자유로출입(미정차)
33-1,대화마을입구삼거리
33-1,한국건설기술연구원.킨텍스
33-1,대화중학교.종합운동장
33-1,대화역
33-1,장촌초등학교
33-1,현대백화점
33-1,가로수길
33-1,일산노인종합복지관
33-1,강선마을16.17단지
33-1,일산동부경찰서(중)
33-1,일산동구청(중)
33-1,웨스턴돔
33-1,SK엠시티
33-1,일산호수공원관리사무소
33-1,일산호수공원
33-1,대우.삼성오피스텔
33-1,일산노인종합복지관
33-1,문촌17단지신안아파트
33-1,현대백화점
33-1,킨텍스후문
33-1,킨텍스삼거리
33-1,장촌초등학교
33-1,대화역
33-1,대화중학교.종합운동장
33-1,한국건설기술연구원.킨텍스
33-1,대화마을입구삼거리
33-1,자유로진입(미정차)
33-1,일산대교TG(미정차)
33-1,걸포공원후문
33-1,걸포초교
33-1,걸포북변역.국민연금공단
33-1,산호아파트앞
33-1,김포본동행정복지센터.중봉도서관
33-1,김포초교
33-1,북변우체국
33-1,사우역.김포고
33-1,사우고교.김포시청
33-1,조리미입구
33-1,풍무역.트레이더스
33-1,풍무푸르지오.풍무센트럴푸르지오
33-1,풍무도서관
33-1,서해2차아파트
33-1,서해1차아파트
33-1,양도사거리.대림아파트.신안아파트
33-1,당곡고개.풍무동행정복지센터
33-1,현대아파트
33-1,유현마을.신동아아파트
33-2,김포차량등록사업소
33-2,걸포동차고지출발(미정차)
33-2,걸포동차고지출발(미정차)
33-2,걸포중앙공원입구
33-2,김포우리병원
33-2,북변환승센터.구터미널
33-2,사우역.김포고
33-2,사우지하차도(미정차)
33-2,사우역.김포고(김포초교방면)
33-2,김포초교
33-2,한일아파트
33-2,대우아파트
33-2,삼환아파트
33-2,쌍용아파트
33-2,신화아파트.김포순복음교회
33-2,홈플러스
33-2,홈플러스
33-2,우저서원(대성주유소)
33-2,메트로자이1단지
33-2,나진교.메트로자이2단지
33-2,일산대교TG(미정차)
33-2,자유로출입(미정차)
33-2,대화마을입구삼거리
33-2,킨텍스
33-2,힐스테이트일산
33-2,포레나킨텍스오피스텔
33-2,현대백화점
33-2,킨텍스후문
33-2,킨텍스제1전시장
33-2,한국건설기술연구원.킨텍스
33-2,대화마을입구삼거리
33-2,자유로진입(미정차)
33-2,일산대교TG(미정차)
33-2,나진교.메트로자이2단지
33-2,메트로자이1단지
33-2,우저서원(대성주유소)
33-2,구두물입구
33-2,홈플러스.산림조합
33-2,한국아파트
33-2,한국아파트
33-2,산호아파트
33-2,산호아파트앞
33-2,김포본동행정복지센터.중봉도서관
33-2,김포초교
33-2,북변우체국
33-2,사우역.김포고
33-2,사우지하차도(미정차)
33-2,사우역.김포고(걸포사거리방면)
33-2,북변환승센터.구터미널
33-2,김포우리병원
33-2,김포차량등록사업소
360,금오중학교
361,신도.아남아파트
360,버스터미널.신도브래뉴아파트
360,의정부부대찌개거리.중앙역
360,중앙초등학교
360,가능역앞
360,의정부여고.가능역
360,한국모빌리티고등학교
360,흥선광장
360,흥선브라운스톤.더샵파크에비뉴아파트
360,안골.롯데캐슬골드포레
360,동명빌라
360,부대
360,상직동
360,용못골
360,울대고개
360,신동아파밀리에아파트
360,원각사입구
360,송추역.경남아너스빌
360,북한산국립공원송추계곡.느티나무
360,송추초등학교.송추검문소
360,부곡리우리마을아파트
360,서울실버케어스
360,부곡도방앞
360,신흥유원지.온릉앞
360,장흥
360,장흥고가밑
360,샘말
360,장흥교회
360,마당뜰앞
360,일영역
360,정자동다리.일영유원지
360,재궁마을.천생연분마을
360,장자원유원지
360,양주변전소
360,삼하리
360,비석거리
360,고양듀클래스지식산업센터.오금동고개
360,효자동.산막골
360,경남식당
360,참절
360,지축중흥S클래스.위스테이지축
360,지축중학교
360,지축센텀가든
360,지축동
360,래미안922동앞
360,래미안909동앞
360,구파발역.롯데몰(서울도심)
360,박석고개.신도고등학교(중)
360,세명컴퓨터고등학교(중)
360,연신내역.연서시장(중)
360,동명여고.천주교불광동성당(중)
360,불광역3.6호선(중)
360,불광역4번출구
360,양광교회
360,대조불광시장삼거리(미정차)
360,불광역3.6호선(중)
360,동명여고.천주교불광동성당(중)
360,연신내역.연서시장(중)
360,세명컴퓨터고등학교(중)
360,박석고개.신도고등학교(중)
360,구파발역2번출구
360,롯데캐슬823동앞
360,롯데캐슬820동앞
360,지축동
360,지축역수피움
360,지축중학교
360,위스테이지축.지축중흥S클래스
360,참절.위스테이지축후문
360,경남식당
360,효자동.산막골
360,고양듀클래스지식산업센터.오금동고개
360,비석거리
360,삼하리
360,양주변전소
360,장자원유원지
360,재궁마을.천생연분마을
360,정자동다리.일영유원지
360,삼상2리마을회관앞
360,일영역
360,마당뜰앞
360,장흥교회
360,샘말
360,장흥고가밑
360,장흥
360,신흥유원지.온릉앞
360,그랜드유원지
360,서울실버케어스
360,우리아파트
360,송추초등학교.송추검문소
360,북한산국립공원송추계곡.푸른아파트
360,송추역.경남아너스빌
360,원각사
360,신동아파밀리에아파트
360,울대고개
360,상직동
360,동명빌라
360,안골.롯데캐슬골드포레
360,흥선브라운스톤.더샵파크에비뉴아파트
360,흥선광장
360,가능초후문
360,한국모빌리티고등학교
360,의정부여고.가능역
360,경기북부보훈지청
360,의정부부대찌개거리.중앙역
360,파발교차로.의정부연세요양병원
360,의정부시외버스터미널
360,금오중학교
374,파주5리
374,주내삼거리
374,파주읍행정복지센터
374,주내성당.파주휴먼시아
374,오뚜기냉동식품
374,세경고등학교
374,민방위교육장
374,연풍초등학교
374,연풍시장
374,연풍리
374,파주제일교회
374,부대앞
374,천국기도원
374,전진사
374,검전리
374,검전리교차로
374,창만1리
374,신산5리
374,나자렛묘원
374,미군부대앞
374,새술막
374,신산3리
374,신산아트빌라
374,광탄삼거리
374,광탄시장
374,라메르아파트.다나아병원
374,광탄행정복지센터
374,한국자원재생공사
374,윤관장군묘
374,분수1리
374,분수리
374,용미1리.한민고
374,용암사.용미리마애이불입상
374,웅선비지네스
374,용미5교차로
374,용미2리
374,옥계동
374,한영기계
374,용미3리
374,용미리묘지입구
374,용미4리제2묘지입구
374,용미주유소
374,국군고양병원
374,고양동삼거리
374,푸른마을10단지.대명교회앞
374,신성빌라.동익아파트
374,고양동사거리
374,고양동시장
374,국민은행
374,현대아파트
374,응달촌
374,빈정동
374,선유동입구
374,부대앞
374,벽제역
374,대자삼거리
374,서울시립승화원
374,세원마을입구
374,신원마을1단지.신원중
374,신원마을2.4단지
374,신원마을3단지
374,삼송주택앞
374,삼송역사거리.지축차량기지입구
374,힐스테이트삼송역
374,삼송테크노밸리
374,동산동능모퉁이.한국지역난방공사
374,은평뉴타운10단지(중)
374,구파발역.롯데몰(고양.파주)
374,은평뉴타운10단지(중)
374,동산동능모퉁이.한국지역난방공사
374,삼송테크노밸리
374,삼송역현대헤리엇아파트
374,삼송역사거리.지축차량기지입구
374,삼송주택앞
374,신원마을3단지
374,신원마을2.4단지
374,신원마을1단지.신원중
374,세원마을입구
374,서울시립승화원
374,대자삼거리
374,벽제역
374,부대앞
374,선유동입구
374,빈정동
374,응달촌
374,고양현대아파트
374,고양동시장
374,고양동사거리
374,신성빌라.동익아파트
374,푸른마을10단지.대명교회앞
374,고양동삼거리
374,국군고양병원
374,용미주유소
374,용미4리제2묘지입구
374,용미리묘지입구
374,용미3리
374,한영기계
374,옥계동
374,용미2리
374,용미5교차로
374,웅선비지네스
374,용암사.용미리마애이불입상
374,용미1리.한민고
374,분수리
374,분수1리
374,윤관장군묘
374,한국자원재생공사
374,광탄행정복지센터
374,라메르아파트.다나아병원
374,광탄시장
374,광탄삼거리
374,신산아트빌라
374,신산3리
374,새슬막
374,미군부대
374,나자렛묘원
374,신산5리
374,창만2리
374,검전리교차로
374,검전리
374,전진사
374,천국기도원
374,부대앞
374,파주제일교회
374,연풍삼거리
374,연풍시장
374,연풍초등학교
374,민방위교육장
374,세경고등학교
374,오뚜기냉동식품
374,주내성당.파주휴먼시아
374,파주읍행정복지센터
374,주내삼거리
374,파주5리
50,필리핀참전비
50,새서울아파트
50,더퍼스트프라임
50,관산동.벽제시장
50,관산주공아파트.관산동행정복지센터
50,고양외고.고양제일중학교
50,벽제교.관산삼거리
50,사리현동.벽제교삼거리
50,사리현동입구
50,벽제초등학교
50,사리현동문아파트
50,벽제초등학교
50,벽제초교
50,현대그린아파트.예술인력개발원
50,순복음영산교회
50,문봉고개
50,상촌마을
50,고봉동행정복지센터
50,신흥자동차검사소
50,문봉낚시터
50,오렌지마트
50,식사삼거리.식사공단
50,모모월드
50,황해슈퍼
50,미니스톱
50,고양시산림조합
50,길상사
50,식사삼거리.식사공단
50,은행마을3단지.일산자이센트리지.일산자이더헤리티지
50,세원고교입구.동국대병원사거리
50,숲속마을.은행마을입구
50,풍산동행정복지센터
50,백마마을5단지
50,강촌마을1단지
50,강촌마을8단지
50,웨스턴돔
50,일산호수공원관리사무소
50,홈플러스
50,롯데백화점
50,일산동구청(중)
50,강촌마을8단지
50,강촌마을1단지
50,백마마을5단지
50,풍산동행정복지센터
50,숲속마을.은행마을입구
50,세원고교입구.동국대병원사거리
50,은행마을3단지.일산자이센트리지.일산자이더헤리티지
50,식사동
50,길상사
50,고양시산림조합
50,미니스톱
50,황해슈퍼
50,모모월드
50,식사삼거리.식사공단
50,오렌지마트
50,문봉낚시터
50,신흥자동차검사소
50,고봉동행정복지센터
50,상촌마을
50,문봉고개
50,순복음영산교회
50,현대그린아파트.예술인력개발원
50,벽제초교
50,벽제초등학교
50,사리현동문아파트
50,벽제초등학교
50,사리현동입구
50,사리현동.벽제교삼거리
50,벽제교.관산삼거리
50,고양외고.고양제일중학교
50,관산주공아파트.관산동행정복지센터
50,관산동.벽제시장
50,신성아파트
50,필리핀참전비
52,산내마을6.8단지
52,산내마을8.12단지(중)
52,두레공원(중)
52,해솔마을11단지
52,가람마을1단지
52,가람마을4단지
52,가람마을3.4.6단지
52,지산초교.가람도서관
52,운정역
52,할인마트
52,신교하농협지산지점
52,상지석5통
52,새터마을
52,하감천마을
52,청석궁.성석동감내
52,오미산주유소
52,푸르메마을
52,두테비
52,성석주유소
52,고흥주유소
52,마골
52,성석초교
52,문봉주유소
52,문봉빌라단지
52,희망원
52,고봉동행정복지센터
52,상촌마을
52,문봉고개
52,순복음영산교회
52,현대그린아파트.예술인력개발원
52,벽제초교
52,사리현동입구
52,구.한산기업
52,사리현동.벽제교삼거리
52,벽제교.관산삼거리
52,고양외고.고양제일중학교
52,관산주공아파트.관산동행정복지센터
52,관산동.벽제시장
52,관산동.벽제시장
52,관산주공아파트.관산동행정복지센터
52,고양외고.고양제일중학교
52,벽제교.관산삼거리
52,사리현동.벽제교삼거리
52,구.한산기업
52,사리현동입구
52,벽제초교
52,현대그린아파트.예술인력개발원
52,순복음영산교회
52,문봉고개
52,상촌마을
52,고봉동행정복지센터
52,희망원
52,문봉빌라단지
52,문봉주유소
52,성석초교
52,마골
52,고흥주유소
52,성석주유소
52,두테비
52,푸르메마을
52,오미산주유소
52,청석궁.성석동감내
52,하감천마을
52,새터마을
52,상지석5통
52,신교하농협지산지점
52,할인마트
52,운정역
52,지산초교.가람도서관
52,가람마을3.4.6단지
52,가람마을4단지
52,가람마을1단지
52,해솔마을11단지
52,두레공원(중)
52,산내마을8.12단지(중)
52,산내마을6.8단지
55,차고지대기(미정차)
55,고양공영차고지
55,일산서부경찰서
55,고양종합운동장.일산서구청
55,대화중학교.종합운동장
55,킨텍스
55,힐스테이트일산
55,킨텍스역5번출구
55,킨텍스역.원시티1단지
55,원마운트
55,한수초등학교
55,주엽역사거리
55,문촌초등학교
55,오마초등학교
55,신촌초등학교.일산서구청소년수련관
55,일산역
55,산들마을5단지
55,일산서구보건소
55,북일산전화국.일산2동행정복지센터
55,쌍용아파트.중산마을입구
55,중산마을10단지.동신아파트
55,안곡초등학교
55,하늘마을2.6단지
55,구SBS스튜디오
55,현대공업사
55,잣골
55,안골
55,사당골
55,중고차매매단지
55,진밭
55,신병교육대
55,자동차매매단지
55,두테비
55,성석주유소
55,고흥주유소
55,마골
55,성석초교
55,문봉주유소
55,문봉빌라단지
55,희망원
55,고봉동행정복지센터
55,희망원
55,문봉빌라단지
55,문봉주유소
55,성석초교
55,마골
55,고흥주유소
55,성석주유소
55,자동차매매단지
55,신병교육대
55,진밭
55,중고차매매단지
55,사당골
55,안골
55,잣골
55,소개울
55,안곡중고교
55,하늘마을2.6단지
55,안곡초등학교
55,중산마을10단지.동신아파트
55,중산마을입구.쌍용아파트.실로암병원
55,북일산전화국.일산2동행정복지센터
55,일산서구보건소
55,산들마을5단지
55,일산역
55,신촌초등학교.일산서구청소년수련관
55,오마중학교
55,문촌초등학교
55,주엽역사거리
55,한수초등학교
55,원마운트
55,킨텍스역2번출구.포레나킨텍스
55,킨텍스역1번출구.현대모터스튜디오고양
55,킨텍스
55,한국건설기술연구원.킨텍스
55,대화중학교.종합운동장
55,고양종합운동장.일산서구청
55,일산서부경찰서
55,고양공영차고지
567,장터고개.맥금동영업소
567,배무기
567,검산초등학교
567,유승아파트
567,성원아파트
567,대방아파트
567,풀무골
567,문산제일고
567,문산제일고삼거리
567,방호벽사거리
567,독점말.대방노블랜드2차아파트
567,금촌동문아파트
567,팜스프링아파트
567,금촌농협
567,금촌역
567,금촌사거리
567,장안아파트
567,KT파주지사.보훈회관
567,금촌로타리
567,금촌초등학교
567,순달교
567,금촌교
567,하지석동입구
567,교하파출소
567,이마트파주점
567,당하동삼거리
567,당하동
567,와동동
567,가람마을4단지
567,가람마을3.4.6단지
567,라온공원
567,와동초교
567,가람마을11단지
567,운정행복센터.운정합동주민센터
567,해솔마을6.7단지
567,한빛마을1.2단지
567,한빛마을5단지
567,야당역.한빛마을5.9단지
567,야당과선교
567,한소망교회
567,앵골.광성교회
567,일산가구공단
567,철산아파트.탄현역앞.고양시현충공원
567,서울도시가스
567,신원아파트
567,한뫼초교.일산중고교
567,일산시장
567,일산터미널
567,북일산전화국.일산2동행정복지센터
567,일산복음병원.일산하이병원
567,하늘마을2.6단지
567,안곡중고교
567,약산마을.애니골입구
567,사단앞
567,동국대병원사거리
567,은행마을3단지.일산자이센트리지.일산자이더헤리티지
567,식사동
567,식사오거리
567,원당중학교
567,고양시청.덕양구보건소
567,삼혜그린뷰아파트
567,리스쇼핑.원당시장
567,성사1동행정복지센터
567,원당역
567,흥도동행정복지센터
567,훼릭스
567,가시골
567,원흥역2번출구
567,원흥역1번출구.방송통신대
567,삼송마을18.19단지
567,삼송마을20단지
567,세수동
567,삼송역4번출구
567,힐스테이트삼송역
567,삼송테크노밸리
567,동산동능모퉁이.한국지역난방공사
567,은평뉴타운10단지(중)
567,구파발역.롯데몰(서울도심)
567,박석고개.신도고등학교(중)
567,세명컴퓨터고등학교(중)
567,연신내역.연서시장(중)
567,동명여고.천주교불광동성당(중)
567,불광역3.6호선(중)
567,불광역3호선.서울혁신파크(중)
567,한전서대문은평.북한산푸르지오(중)
567,한전서대문은평.북한산푸르지오(중)
567,불광역3호선.서울혁신파크(중)
567,불광역3.6호선(중)
567,동명여고.천주교불광동성당(중)
567,연신내역.연서시장(중)
567,세명컴퓨터고등학교(중)
567,박석고개.신도고등학교(중)
567,구파발역.롯데몰(고양.파주)
567,구파발역(미정차)
567,은평뉴타운10단지(중)
567,동산동능모퉁이.한국지역난방공사
567,삼송테크노밸리
567,삼송역5번출구
567,세수동
567,삼송마을16.17단지
567,삼송마을14.15단지
567,원흥역8번출구.방송통신대앞
567,원흥역3번출구
567,농업기술센터
567,가시골
567,훼릭스
567,흥도동행정복지센터
567,원당역
567,성사1동행정복지센터
567,롯데캐슬.원당시장
567,삼혜그린뷰아파트
567,고양시청.덕양구보건소
567,양조장입구
567,원당중학교
567,식사오거리
567,식사삼거리.식사공단
567,은행마을3단지.일산자이센트리지.일산자이더헤리티지
567,동국대병원사거리
567,사단앞
567,약산마을.애니골입구
567,안곡중고교
567,하늘마을2.6단지
567,일산복음병원.일산하이병원
567,북일산전화국.일산2동행정복지센터
567,일산터미널
567,일산시장
567,한뫼초교.일산중고교
567,신원아파트앞
567,서울도시가스
567,철산아파트.탄현역앞.고양시현충공원
567,일산가구공단
567,앵골.광성교회
567,송학동
567,야당과선교
567,야당역.한빛마을5.9단지
567,한빛마을5단지
567,한빛마을1.2단지
567,해솔마을6.7단지
567,운정행복센터.운정합동주민센터
567,가람마을11단지
567,와동초교
567,라온공원.한전파주지사
567,가람마을3.4.6단지
567,가람마을4단지
567,와동동
567,당하동
567,당하동삼거리
567,이마트파주점
567,교하파출소
567,금촌교
567,순달교
567,금촌초등학교
567,금촌로타리
567,금촌로타리.평생학습관
567,KT파주지사.보훈회관
567,장안아파트
567,금촌사거리
567,금촌통일시장
567,금촌역
567,금촌1동
567,팜스프링아파트
567,금촌동문아파트
567,독점말.대방노블랜드2차아파트
567,방호벽사거리
567,문산제일고교
567,문산제일고정문
567,야동동
567,대방아파트
567,성원아파트
567,유승아파트
567,검산초등학교
567,배무기
567,맥금동종점
571,가산동기점
571,한일유엔아이아파트
571,디지털3단지.롯데이노베이트
571,디지털3단지.영창실업
571,가산디지털단지역
571,디지털3단지.월드벤처센터
571,디지털3단지사거리
571,금천패션아울렛사거리.W몰
571,디지털단지오거리
571,가리봉시장
571,남구로역
571,구로시장
571,구로4동우체국.고대구로병원정문
571,구로119안전센터
571,구로변전소.구로초등학교
571,구로역.나인스애비뉴
571,구로역.구로기계공구상가
571,기업은행구로중앙지점
571,갈산초등학교정문
571,목동14단지
571,양천공원
571,목동중학교
571,길훈로즈빌아파트
571,목운초등학교.목운중학교
571,목동운동장남문.아이스링크
571,목동5단지C상가.목동운동장북문
571,파리공원
571,목동5단지B상가.목5동주민센터
571,이대목동병원.목동6단지앞
571,신목동역.서울지방식품의약품안전청
571,안양천입구
571,월드컵경기장남측.월드컵공원
571,월드컵경기장서측.문화비축기지
571,증산종합시장.증산중학교입구
571,증산역.증산동주민센터
571,연서중학교입구
571,와산교
571,새절역.숭실고입구
571,신흥시장
571,응암역.신사오거리
571,역촌초등학교
571,역말사거리
571,구산역2번출구.예일여고
571,구산역1번출구
571,대조동주민센터
571,연신내역.로데오거리
571,연서시장
571,종로약국
571,불광지구대
571,북한산대창센시티아파트
571,은평경찰서
571,신도초중교입구.한국고전번역원
571,은평구민체육센터앞
571,은진초교입구.은뜨락도서관
571,구파발역입구(중)
571,은평뉴타운10단지(중)
571,진관공영차고지
571,진관공영차고지
571,동산동능모퉁이.한국지역난방공사
571,은평뉴타운10단지(중)
571,구파발역입구(중)
571,은진초교입구.은뜨락도서관
571,은평구민체육센터앞
571,신도초중교입구.한국고전번역원
571,은평경찰서
571,연신초등학교
571,불광지구대
571,새장골유래비
571,연서시장
571,연신내역.로데오거리
571,은평연세병원
571,구산역4번출구
571,구산역3번출구.예일여고
571,역말사거리
571,역촌초등학교
571,응암역2번출구
571,응암역.신사오거리
571,신흥시장
571,새절역
571,와산교
571,연서중학교입구
571,증산역.증산동주민센터
571,증산종합시장.증산중학교입구
571,월드컵경기장서측.문화비축기지
571,마포농수산물시장.월드컵공원
571,영등포아리수정수센터
571,신목동역
571,신목동역.서울지방식품의약품안전청
571,월촌중학교.목동1단지
571,목동2단지
571,목동3단지
571,목동4단지상가.목동종합운동장
571,목1동주민센터.양천소방서
571,목동7단지동문
571,미래탐구초중학원.종로학원
571,목동8단지.한전
571,양천구청.양천보건소
571,양천문화회관.양천일자리센터
571,목동10단지상가
571,목동12단지
571,양천구민체육센터.양천일자리센터
571,양천구청
571,목동13단지
571,갈산초등학교정문
571,기업은행구로중앙지점
571,구로역.구로기계공구상가
571,구로2동성당
571,우리유앤미아파트
571,구로119안전센터
571,구로4동우체국.고대구로병원정문
571,구로시장
571,남구로역3번출구
571,가리봉시장
571,금천패션아울렛사거리.마리오
571,디지털3단지사거리
571,디지털3단지.(주)로옴코리아
571,가산디지털단지역
571,가산디지털단지역1호선
571,디지털3단지.영창실업
571,한일유엔아이아파트
571,가산동종점
