????,????
10,?????
10,?????
10,???
10,??????.???
10,???
10,??????.???
10,????
10,????????
10,??????
10,?????
10,?????
10,???????
10,?????
10,??1?
10,??????
10,??????
10,???
10,??????
10,???
10,??????
10,???
10,?????
10,???
10,???
10,??????
10,??1?
10,??5?
10,?????
10,?????
10,???
10,??3?
10,??????
10,?????
10,????
10,????
10,??????
10,??1?
10,??2?
10,??2?.???
10,?????
10,??????
10,?????
10,??1?
10,???
10,???
10,PX??
10,????
10,??6?.???????
10,??3?
10,???.???
10,???????
10,????
10,????
10,???
10,?????
10,?????
10,KT????.????
10,????
10,????1??
10,???????
10,??????
10,????4??
10,??????.????5??
10,????????
10,?????
10,???.??????
10,???????(???)
10,?????(???)
10,????
10,????4??
10,????1??
10,????11??
10,????4??
10,?????.??????
10,????2.5??
10,????11??
10,??????
10,????1??.LH????
10,????2??
10,???????
10,????3.6??
10,????4.8??
10,?????
10,??????1??.?????????
10,?????
10,??????2.3??
10,??????4.5??
10,????????
10,?????????
10,??????
10,??????.??3.4??
10,???
10,???(?)
10,???????.???????
10,????14.19??
10,??????????.?????
10,????.???1??
10,????
10,??????
10,????(?)
10,???(?)
10,???
10,??????.??3.4??
10,??????
10,?????????
10,????????
10,??????4.5??
10,??????2.3??
10,?????
10,??????1??.?????????
10,???
10,????4.8??
10,????3.6??
10,???????
10,????2??
10,????1??.LH????
10,??????
10,????11??
10,????2.5??
10,?????.??????
10,????9??
10,????11??
10,????1??
10,????4??
10,????
10,?????(???)
10,???????(???)
10,???.??????
10,?????
10,?????
10,??????
10,????4??
10,????.3??
10,???????
10,????1??
10,????
10,?????.?????
10,KT????.????
10,?????
10,?????
10,??????
10,???
10,??1?
10,????
10,???????
10,???.???
10,??3?
10,??6?.???????
10,????
10,PX??
10,???
10,??1?
10,?????
10,??????
10,?????
10,??2?.???
10,??2?
10,??1?
10,??????
10,????
10,????
10,????
10,????
10,?????
10,??????
10,??3?
10,???
10,????
10,?????
10,??5?
10,??2?
10,??????
10,???
10,???
10,?????
10,???
10,??????
10,?????
10,??????
10,????
10,??????
10,??????
10,??1?
10,?????
10,???????
10,?????
10,???
10,??????
10,????????
10,????
10,??????.???
10,????.?????????
10,??????.???
10,???
10,?????
10,?????
100,???1????.????
100,???3.4??
100,?????????
100,???5??
100,????????.??????5??
100,????????.?????????
100,????3??
100,????2??
100,???????
100,????1??
100,?3?
100,????????
100,????1??.????
100,????1??
100,???????
100,????.?????
100,?????
100,???
100,?????
100,??????
100,?????.???
100,???(?)
100,?????(?)
100,???????(?)
100,????(?)
100,???(?)
100,????(?)
100,???????.???????
100,????14.19??
100,??????????.?????
100,????.???1??
100,?????
100,??????
100,???.????
100,?????
100,????2???.??????
100,??????????
100,?????
100,??????
100,??????
100,???(?)
100,????(?)
100,???????(?)
100,?????(?)
100,???(?)
100,??????.???
100,??????
100,?????
100,???
100,????.?????
100,???????.??????
100,????1??
100,????????
100,????1??
100,???????
100,????2??
100,????3??
100,?????????.????????
100,??????5??.????????
100,???5??
100,?????????
100,???3.4??
100,???2????
11,???
11,???.?????
11,?????
11,???
11,????????
11,????.????
11,????.?????
11,??6??.????.?????
11,?????.????8??
11,????10??.?????
11,??????.?????.?????
11,??????.??2???????
11,???????
11,????5??
11,???
11,??????.??????????
11,?????
11,??????
11,???(?)
11,????(?)
11,???????(?)
11,?????(?)
11,???(?)
11,??????.???
11,??????
11,?????
11,???
11,????????
11,?3?
11,???????????????
11,?????.?????
11,?????
11,????.??????
11,????????
11,????.????
11,??1???????
11,???????
11,?????7??
11,??2???????
11,???????.????1??
11,??1???????
11,????.????3??
11,?????????
11,???.????
11,????8??.????
11,????
11,??2???????
11,??17??.???????
11,??3??.?????????
11,????2??.?????
11,????.??????
11,???
11,????3??
11,????.??????
11,????2??.?????
11,??18??.???????
11,??2???????
11,????
11,???.????
11,????
11,?????????
11,????.????5??
11,??1???????
11,???????.????1??
11,??2???????
11,?????7??
11,???????
11,??1???????
11,????.????
11,????????
11,????.??????
11,?????
11,?????
11,?????.?????
11,???????????????
11,?3?
11,????????
11,???
11,?????
11,??????
11,?????.???
11,???(?)
11,?????(?)
11,???????(?)
11,????(?)
11,???(?)
11,??????
11,??????
11,??????.??????????
11,???
11,????5??
11,???????
11,??????.??2???????
11,?????.??????
11,????10??.?????
11,????11??.?????.?????
11,?????.????5??
11,????.?????
11,????.????
11,????????
11,???
11,?????
11,???.?????
11,???
150,????.??????
150,???
150,??????
150,?????
150,?????
150,?????
150,???
150,?????
150,????????
150,??????
150,???.??????2????
150,???????
150,???????
150,????
150,???
150,????????
150,???
150,???
150,??????
150,?????
150,??????
150,??????
150,???
150,???
150,????4??
150,????3.4.6??
150,????2.8??(?)
150,????4??
150,?????.??????
150,????2.5??
150,????11??
150,??????
150,????1??.LH????
150,????2??
150,???????
150,????
150,????3.5??
150,???????
150,????
150,???.????
150,??????
150,???????
150,????????
150,????
150,??????.????
150,??????
150,??3?
150,??????
150,????????????
150,??????
150,??????.??3.4??
150,???
150,???(?)
150,????(?)
150,???(?)
150,????(?)
150,???????(?)
150,?????(?)
150,???(?)
150,????(?)
150,????.???????(?)
150,???(?)
150,????.?????
150,?????
150,????
150,???
150,??????
150,???
150,?????
150,???????
150,????
150,????
150,???
150,?????
150,????
150,??IC(???)
150,??IC(???)
150,???1???.?????
150,??119????
150,?????
150,???.?????
150,???????(2??)
150,??????
150,???????(10??)
150,???(???)
150,??????(???)
150,?????
150,???????11??
150,??119????
150,???1???.?????
150,??IC(???)
150,??????
150,????
150,?????
150,???.????
150,??????
150,???????
150,?????
150,???
150,??????
150,???
150,????
150,?????
150,??5??.?????
150,????.???????(?)
150,????(?)
150,???(?)
150,?????(?)
150,???????(?)
150,????(?)
150,???(?)
150,????(?)
150,???(?)
150,???
150,??????.??3.4??
150,??????
150,????????????
150,??????
150,??3?
150,??????
150,????
150,????
150,????????
150,???????
150,??????
150,???.????
150,????
150,???????
150,????3.5??
150,????
150,???????
150,????2??
150,????1??.LH????
150,??????
150,????11??
150,????2.5??
150,?????.??????
150,????9??
150,????2.8??(?)
150,????3.4.6??
150,????4??
150,???
150,???
150,??????
150,??????
150,?????
150,???
150,???
150,????????
150,???
150,??1?
150,???????
150,???????
150,???.??????2????
150,??????
150,??????
150,???????
150,???
150,?????
150,?????
150,?????
150,??????
150,???
150,?????
17,?????
17,??4?
17,??4?.????
17,LCD????
17,??????
17,??5?
17,?????????
17,???
17,??1?
17,??3?.?????
17,??1?
17,??5?
17,???.???
17,???????
17,????
17,????
17,???
17,?????
17,?????
17,KT????.????
17,????
17,????1??
17,???????
17,??????
17,????4??
17,????5??
17,??????.???
17,??????
17,???
17,??????
17,?????(???)
17,?????????
17,?????
17,???????????
17,???4?
17,????
17,????????
17,???????
17,???????
17,?????
17,???
17,?????
17,????.?????
17,??????
17,(??)??????????
17,????
17,???
17,???.?????
17,?????
17,????.???????
17,???????.?????????
17,???.????
17,?????
17,??????
17,???
17,???????
17,??????
17,????1??.???
17,????2.4??
17,????3??
17,?????
17,??????.????????
17,????????
17,???????
17,???????.????????
17,?????10??(?)
17,????.???(????)
17,????.??????(?)
17,?????????(?)
17,????.????(?)
17,????.????????(?)
17,???3.6??(?)
17,?????
17,???3.6??(?)
17,????.????????(?)
17,????.????(?)
17,?????????(?)
17,????.??????(?)
17,????.???(??.??)
17,????(???)
17,?????10??(?)
17,???????.????????
17,???????
17,???????????
17,??????.????????
17,?????
17,????3??
17,????2.4??
17,????1??.???
17,??????
17,???????
17,???
17,??????
17,??????
17,???????
17,???.????
17,???????.?????????
17,????.???????
17,?????
17,???.?????
17,???
17,????
17,??????????
17,???????
17,????.?????
17,?????
17,???
17,?????
17,???????
17,???????
17,????
17,???4?
17,???????????
17,?????
17,?????????
17,?????(???)
17,??????
17,???
17,??????
17,?????????
17,??????.????
17,????5??
17,????4??
17,????.3??
17,???????
17,????1??
17,????
17,?????.?????
17,KT????.????
17,?????
17,?????
17,??????
17,???
17,??1?
17,????
17,???????
17,???.???
17,??5?
17,??1?
17,??3?.?????
17,???
17,?????????
17,??5?
17,??????
17,LCD????
17,??4?.????
17,??4?
17,??2????
17,?????
171,?????
171,???
171,??2?????
171,????
171,??????
171,?????.???????(?)
171,?????.??????(?)
171,???.?????(?)
171,??????.??????(?)
171,??3?.????(?)
171,???.???????(?)
171,???.???????
171,???.???????
171,?????
171,????1???
171,???.??????
171,????
171,??????.??????
171,??????
171,????(?)
171,???(?)
171,????(?)
171,???(?)
171,??????
171,???.?????
171,???.????
171,????(?)
171,??????(?)
171,??104???.?????(?)
171,??2?
171,??????
171,??2?????
171,??119????
171,?????
171,????????
171,DMC???????
171,??????
171,??DMC???.YTN
171,??????.MBC
171,?????5??.?????????
171,?????7??
171,?????????
171,?????9.10.11.12??
171,??????
171,?????5??
171,??DMC???.YTN
171,??????
171,DMC???????
171,????????
171,?????
171,??119????
171,??2?????
171,??????
171,??2?
171,??104???.??????
171,??????(?)
171,??????
171,??????
171,?????
171,???(?)
171,????(?)
171,???(?)
171,????(?)
171,??????.??????
171,???
171,???
171,?????.????
171,???
171,???6???.????????
171,???.???????
171,???.???????
171,???2?.??????
171,???.?????.??????(?)
171,?????.??????(?)
171,?????.???????(?)
171,?????(?)
171,???3???B
171,?????10??.??????
171,????
171,??2?????
171,???
171,?????????????
171,????
171,????
19,???????
19,?????
19,?????
19,??????
19,????
19,???.???
19,???
19,????????
19,????
19,?????
19,??????????.??????????
19,???????
19,???????
19,??????
19,??4?
19,???????
19,?????
19,????
19,?????????
19,??
19,?????
19,??
19,????
19,????
19,???
19,?????.?????
19,????.??????
19,??????
19,?????
19,???
19,????
19,????????????.?????
19,???.???
19,????
19,??
19,????S???.??????
19,?????
19,??????
19,???
19,???922??
19,???909??
19,????.???(????)
19,???????.?????
19,????2???
19,????823??
19,????820??
19,???
19,??????
19,?????
19,??????.????S???
19,??.????????
19,????
19,???.???
19,????????????.?????
19,????
19,???
19,?????
19,??????
19,????.??????
19,?????.?????
19,??2??????
19,???
19,????
19,????
19,??
19,?????
19,??
19,????
19,?????
19,???????
19,??5?
19,??????
19,???????
19,???????
19,??????????.??????????
19,?????
19,????
19,????????
19,???
19,???.???
19,????
19,?????
19,???
19,???????
19-1,???????
19-1,?????
19-1,?????
19-1,??????
19-1,????
19-1,???.???
19-1,???
19-1,????
19-1,???.???
19-1,????
19-1,????????
19-1,????
19-1,?????
19-1,??????????.??????????
19-1,???????
19-1,???????
19-1,??????
19-1,??4?
19-1,???????
19-1,?????
19-1,????
19-1,?????????
19-1,??
19-1,?????
19-1,??
19-1,????
19-1,????
19-1,???
19-1,?????.?????
19-1,????.??????
19-1,??????
19-1,?????
19-1,???
19-1,????
19-1,????????????.?????
19-1,???.???
19-1,????
19-1,??
19-1,????S???.??????
19-1,?????
19-1,??????
19-1,???
19-1,???922??
19-1,???909??
19-1,????.???(????)
19-1,???????.?????
19-1,????2???
19-1,????823??
19-1,????820??
19-1,???
19-1,??????
19-1,?????
19-1,??????.????S???
19-1,??.????????
19-1,????
19-1,???.???
19-1,????????????.?????
19-1,????
19-1,???
19-1,?????
19-1,??????
19-1,????.??????
19-1,?????.?????
19-1,??2??????
19-1,???
19-1,????
19-1,????
19-1,??
19-1,?????
19-1,??
19-1,????
19-1,?????
19-1,???????
19-1,??5?
19-1,??????
19-1,???????
19-1,???????
19-1,??????????.??????????
19-1,?????
19-1,????
19-1,????????
19-1,???
19-1,???.???
19-1,????
19-1,?????
19-1,???
19-1,???????
20,?????
20,??1?(???)
20,??1?
20,???
20,?????
20,???
20,???
20,??4?
20,??4?
20,???32?
20,???.??
20,????
20,???.????
20,?????
20,??????
20,???I.C
20,????
20,????.???
20,????
20,????
20,?????????
20,???
20,?????
20,?????
20,??????
20,???
20,???
20,???
20,????
20,???
20,????
20,??
20,SBS????
20,???
20,????
20,?????????
20,????
20,????
20,??????
20,????2????
20,????
20,????
20,??????.????
20,??????
20,??3?
20,??????
20,????????????
20,?????????
20,????????
20,??????.????.??????
20,??????
20,?????
20,????.?????
20,????
20,?????
20,??????.??2???????
20,??????.??????
20,????2.6??
20,??????.??????
20,??????.??2???????
20,?????
20,????
20,????.?????
20,??????
20,??????
20,????.??????
20,????????
20,?????????
20,????????????
20,??????
20,??3?
20,??????
20,????
20,????
20,????2????
20,??????
20,????
20,????
20,?????????
20,????
20,???
20,SBS????
20,??
20,????
20,SBS????
20,???
20,????
20,???
20,???
20,???
20,??????
20,????
20,?????
20,???
20,?????????
20,????
20,????
20,????.???
20,????
20,???I.C
20,??????
20,????????
20,???.????
20,????
20,????
20,???32?
20,??4?
20,???
20,???
20,?????
20,???
20,??1?
20,???????
20-1,?????
20-1,??1?(???)
20-1,??1?
20-1,???
20-1,?????
20-1,???
20-1,???
20-1,??4?
20-1,???32?
20-1,???.??
20-1,????
20-1,???.????
20-1,????????
20-1,???.????
20-1,????
20-1,???(?????)
20-1,???.??
20-1,???
20-1,???.???
20-1,???
20-1,????
20-1,??11???
20-1,??10?
20-1,???.??
20-1,??9?
20-1,????
20-1,???
20-1,??????
20-1,???????
20-1,????????
20-1,????
20-1,??????.????
20-1,??????
20-1,??3?
20-1,??????
20-1,????????????
20-1,?????????
20-1,????????
20-1,??????.????.??????
20-1,??????
20-1,?????
20-1,????.?????
20-1,????
20-1,?????
20-1,???????
20-1,?????
20-1,????
20-1,?????
20-1,?????
20-1,??????
20-1,?????.??????
20-1,????
20-1,???
20-1,???????.?????
20-1,???????
20-1,???
20-1,??3?
20-1,??????
20-1,????
20-1,????
20-1,????????
20-1,???????
20-1,??????
20-1,??9?
20-1,???
20-1,????
20-1,??9?
20-1,???.??
20-1,??10?
20-1,??11???
20-1,????
20-1,???
20-1,???.???
20-1,???
20-1,????
20-1,???(?????)
20-1,???.??
20-1,????
20-1,???.????
20-1,????????
20-1,???.????
20-1,????
20-1,????
20-1,???32?
20-1,??4?
20-1,???
20-1,???
20-1,?????
20-1,???
20-1,??1?
20-1,???????
2000,??????
2000,???????
2000,????3?????
2000,???????
2000,LH?????2??
2000,????????
2000,????????.???????
2000,???
2000,??????.??????
2000,?????.??????
2000,???
2000,???????
2000,?????
2000,?????
2000,???.????????
2000,??????
2000,??s???.??????
2000,???????
2000,????
2000,????.????????
2000,????
2000,????.????
2000,????1??.????????
2000,????3??.KCC???
2000,??????.KCC???
2000,????.?????.???
2000,????
2000,????
2000,???
2000,????TG(???)
2000,?????(???)
2000,?????????
2000,?????????.???
2000,?????.?????
2000,???
2000,???(?)
2000,????(?)
2000,???(?)
2000,????(?)
2000,???????(?)
2000,?????(?)
2000,???(?)
2000,????(?)
2000,????.???????(?)
2000,???.??????(?)
2000,???(?)
2000,????(???)
2000,?????.????????(?)
2000,????2??
2000,????1??.??????
2000,????1??.????
2000,????
2000,???
2000,??2???????
2000,????2.3??
2000,????7??.????
2000,????1??.??????
2000,??????.?????(?)
2000,?????.????????(?)
2000,????(???)
2000,???(?)
2000,???.??????(?)
2000,????.???????(?)
2000,????(?)
2000,???(?)
2000,?????(?)
2000,???????(?)
2000,????(?)
2000,???(?)
2000,????(?)
2000,???(?)
2000,???
2000,?????.?????
2000,?????????.???
2000,?????????
2000,?????(???)
2000,????TG(???)
2000,???
2000,????
2000,????
2000,????.?????.???
2000,??????.KCC???
2000,????3??.KCC???
2000,????1??.????????
2000,????.????
2000,????
2000,????????
2000,????
2000,???????
2000,??s???.??????
2000,??????
2000,?????.??????
2000,????.???????
2000,?????.?????
2000,???????
2000,???
2000,?????.??????
2000,??????.??????
2000,???
2000,?????????.??????
2000,LH?????2??
2000,????3?????
2000,???????
2000,??????
22,????
22,???
22,?????
22,??1?????
22,????????
22,????
22,???
22,?????
22,?????
22,??????
22,????
22,???.???
22,???
22,????????
22,????
22,?????
22,??????????.??????????
22,???????
22,???????
22,??????
22,??4?
22,???????
22,?????
22,????
22,?????????
22,??
22,??
22,???????
22,1???
22,???.??
22,?????????
22,????.?????
22,??????
22,?????
22,????
22,?????
22,???????
22,?????
22,??????
22,????3??
22,?????????
22,???.??
22,1???
22,??
22,??
22,????
22,?????
22,???????
22,??5?
22,??????
22,???????
22,???????
22,??????????.??????????
22,?????
22,????
22,????????
22,???
22,???.???
22,????
22,?????
22,???
22,????
22,?????
22,????????
22,??1?????
22,?????
22,???
22,???
271,??????
271,??????
271,???(?)
271,??????(?)
271,??????(?)
271,??????.????????(?)
271,????????.??????(?)
271,????????(4????)
271,???.???????(?)
271,????.??????(?)
271,??????.?????????(?)
271,????(?)
271,???.???????(?)
271,????.????(?)
271,??6?.???????(?)
271,??5?.????(?)
271,??4?.??(?)
271,??3?.????(?)
271,??2?
271,??1?(?)
271,????(?)
271,????(?)
271,???(?)
271,????(?)
271,???(?)
271,?????.2?????(?)
271,?????.?????(?)
271,??????(?)
271,?????(?)
271,???(?)
271,???
271,??????
271,????????
271,?????????(????????)
271,????.??????????
271,???????
271,????.????????
271,????????.?????
271,???????.????????
271,?????3????
271,?????3????
271,?????2??.???????
271,??DMC???.YTN
271,??????.MBC
271,?????5??.?????????
271,?????7??
271,?????????
271,?????9.10.11.12??
271,??????
271,?????5??
271,??DMC???.YTN
271,?????2??.???????
271,?????3??.?????
271,???????.????????
271,????????.?????
271,????
271,???????
271,????.??????????
271,?????????(????????)
271,????????
271,????????
271,???
271,???(?)
271,?????(?)
271,??????(?)
271,?????.?????(?)
271,?????.2?????(?)
271,???(?)
271,????(?)
271,???(?)
271,????(?)
271,???????(?)
271,???????.????(?)
271,????(?)
271,??1?(?)
271,??2?(?)
271,??3?.????(?)
271,??4?.??(?)
271,??5?.????(?)
271,??6?.???????(?)
271,????.????(?)
271,???.???????(?)
271,????(?)
271,??????(?)
271,????.??????(?)
271,???????
271,????????(3????)
271,??????
271,?????
271,??????(?)
271,???(?)
271,??6??
271,??????
271,?????????
 ,????.??????
3,???
3,??????
3,?????
3,?????
3,?????
3,???
3,?????
3,????????
3,??????
3,?????
3,?????
3,????
3,?????
3,?????
3,??????
3,???
3,??????
3,?????(???)
3,?????????
3,?????
3,?????
3,?????
3,???
3,???
3,??????
3,???
3,???
3,????
3,???
3,??4?2?
3,????
3,????
3,??
3,???2?
3,??
3,???
3,????
3,?????????
3,???5?
3,????
3,?????
3,???.?????
3,?????
3,???
3,????????
3,????.????
3,????.?????
3,????2??.????.??????
3,?????
3,????
3,?????
3,????
3,????.?????
3,??????
3,????.?????
3,????
3,?????
3,????
3,??5????.?????
3,????2??.????.??????
3,????.?????
3,????.????
3,???
3,?????
3,???.?????
3,?????
3,????
3,???5?
3,?????????
3,????
3,???
3,??
3,???2?
3,??
3,????
3,????
3,??4?2?
3,???
3,????
3,???
3,???
3,????
3,???
3,???
3,???????
3,?????
3,?????
3,?????????
3,?????(???)
3,??????
3,???
3,??????
3,?????
3,?????
3,????
3,?????
3,?????
3,??????
3,??????
3,??????
3,???
3,?????
3,?????
3,?????
3,??????
3,???
3,?????
30,?????
30,?????
30,??????
30,?????
30,????
30,??2?
30,??2?
30,??
30,???
30,??1?
30,???
30,??????
30,?????
30,??2?.??
30,??2?
30,??3?.??
30,???????
30,????
30,??1?
30,??2?.???????????
30,???
30,????
30,??????
30,???.?????
30,???????
30,????
30,??3?
30,????
30,??????
30,????????
30,????
30,??????.???
30,????.?????????
30,??????.???
30,???
30,??????.???
30,????
30,????????
30,??????
30,?????
30,?????
30,???????
30,?????
30,??1?
30,??????
30,??????
30,???
30,??????
30,?????
30,????
30,??????
30,??????
30,??????
30,??6?????
30,???????
30,????.??????
30,?????????
30,?????.?????
30,??????
30,??1?
30,??1?.???
30,????
30,????
30,?????
30,????
30,???.??1?????
30,???
30,???.????
30,????
30,???
30,???
30,??1?
30,??3?.?????
30,??1?
30,??5?
30,??4?.????
30,??3?
30,??6?.???????
30,????
30,PX??
30,???
30,??2?
30,?????????
30,?????
30,???????????
30,???4?
30,????
30,????????
30,???????
30,???????
30,?????
30,???
30,?????
30,????.?????
30,??????
30,(??)??????????
30,????
30,???
30,???.?????
30,?????
30,????.???????
30,???????.?????????
30,???.????
30,?????
30,??????
30,???
30,???????
30,??????
30,????1??.???
30,????2.4??
30,????3??
30,?????
30,??????.????????
30,?????10??(?)
30,????.???(????)
30,????.??????(?)
30,?????????(?)
30,????.????(?)
30,????.????????(?)
30,???4???
30,????
30,?????????(???)
30,???3.6??(?)
30,????.????????(?)
30,????.????(?)
30,?????????(?)
30,????.??????(?)
30,????.???(??.??)
30,????(???)
30,?????10??(?)
30,??????.????????
30,?????
30,????3??
30,????2.4??
30,????1??.???
30,??????
30,???????
30,???
30,??????
30,??????
30,???????
30,???.????
30,???????.?????????
30,????.???????
30,?????
30,???.?????
30,???
30,????
30,??????????
30,???????
30,????.?????
30,?????
30,???
30,?????
30,???????
30,???????
30,????
30,???4?
30,???????????
30,?????
30,?????????
30,??2?
30,???
30,PX??
30,????
30,??6?.???????
30,??3?
30,??4?.????
30,??5?
30,??1?
30,??3?.?????
30,???
30,???
30,????
30,???.????
30,???
30,???.??1?????
30,????
30,?????
30,????
30,??1?
30,????
30,??1?.???
30,??1?
30,??????
30,?????.?????
30,?????????
30,????.??????
30,???????
30,??????
30,??????
30,??????
30,????
30,?????
30,??????
30,????
30,??????
30,??????
30,??1?
30,?????
30,???????
30,?????
30,???
30,??????
30,????????
30,????
30,??????.???
30,????.?????????
30,??????.???
30,???
30,??????.???
30,????
30,????????
30,??????
30,????
30,??3?
30,???
30,???????
30,??????
30,??????
30,????
30,???
30,??2?.???????????
30,??1?
30,????
30,???????
30,??3?.??
30,??2?
30,??2?.??
30,?????
30,??????
30,???
30,??1?
30,???
30,??
30,??2?
30,???
30,??2?
30,????
30,?????
30,??????
30,?????
30,?????
31,??3?
31,??????
31,?????
31,????
31,????
31,??????
31,??1?
31,??2?
31,??2?.???
31,?????
31,??????
31,?????
31,??1?
31,???
31,??2?
31,?????????
31,?????
31,???????????
31,???4?
31,????
31,????????
31,???????
31,???????
31,?????
31,???
31,?????
31,????.?????
31,??????
31,(??)??????????
31,????
31,???
31,???.?????
31,?????
31,????.???????
31,???????.?????????
31,???.????
31,?????
31,??????
31,???
31,???????
31,??????
31,????1??.???
31,????2.4??
31,????3??
31,?????
31,??????.????????
31,????????
31,?????10??(?)
31,????.???(????)
31,????.??????(?)
31,?????????(?)
31,????.????(?)
31,????.????????(?)
31,???3.6??(?)
31,?????
31,???3.6??(?)
31,????.????????(?)
31,????.????(?)
31,?????????(?)
31,????.??????(?)
31,????.???(??.??)
31,????(???)
31,?????10??(?)
31,???????????
31,??????.????????
31,?????
31,????3??
31,????2.4??
31,????1??.???
31,??????
31,???????
31,???
31,??????
31,??????
31,???????
31,???.????
31,???????.?????????
31,????.???????
31,?????
31,???.?????
31,???
31,????
31,??????????
31,???????
31,????.?????
31,?????
31,???
31,?????
31,???????
31,???????
31,????
31,???4?
31,???????????
31,?????
31,?????????
31,??2?
31,???
31,??1?
31,?????
31,??????
31,?????
31,??2?.???
31,??2?
31,??1?
31,??????
31,????
31,????
31,????
31,????
31,?????
31,??????
31,??3?
313,??3?
313,??????
313,?????
313,????
313,??????
313,?????
313,????????
313,?????
313,??3?
313,???
313,??1?
313,???
313,??
313,??2???
313,?????
313,????
313,??3?
313,?????
313,?????
313,?????
313,??1?
313,??2?
313,???
313,??2?????
313,????????
313,???
313,???
313,??2?
313,???
313,????
313,????????
313,????
313,??
313,??2?
313,????
313,???
313,??
313,???
313,???
313,????
313,?????.??????
313,????
313,?????
313,???????
313,????
313,???.???
313,????
313,??????
313,???.??
313,?????????
313,??????
313,?????
313,????
313,?????
313,???
313,???
313,?????
313,???
313,???
313,?????
313,???????
313,??????
313,????1??.???
313,????2.4??
313,?????
313,????6??
313,????9.10??
313,????14??.?????
313,???6???
313,???5???
313,???2???
313,????14??.?????
313,????9.10??
313,????6??
313,?????
313,????2.4??
313,????1??.???
313,??????
313,???????
313,?????
313,???
313,???
313,?????
313,???
313,???
313,???????
313,?????
313,??????
313,????3??
313,?????????
313,???.??
313,????10????
313,????10??.?????
313,??????
313,????
313,???.???
313,????
313,???????
313,?????
313,????
313,?????.??????
313,????
313,???
313,???
313,??
313,???
313,????
313,??2?
313,??
313,????
313,????????
313,????
313,???
313,??2?
313,???
313,??2?????
313,????????
313,???
313,???
313,??2?
313,??1?
313,?????
313,??4?
313,?????
313,?????
313,????
313,????
313,?????
313,??
313,????
313,???
313,??1?
313,???
313,??3?
313,?????
313,????????
313,?????
313,????
313,????
313,??????
313,??3?
313-1,??3?
313-1,??????
313-1,?????
313-1,????
313-1,??????.?????
313-1,??????
313-1,???????
313-1,????
313-1,???
313-1,???
313-1,?????
313-1,????
313-1,??3?
313-1,?????
313-1,?????
313-1,??4?
313-1,?????
313-1,??1?
313-1,??2?
313-1,???
313-1,??2?????
313-1,????????
313-1,???
313-1,???
313-1,??2?
313-1,???
313-1,????
313-1,????????
313-1,????
313-1,??
313-1,??2?
313-1,????
313-1,???
313-1,??
313-1,???
313-1,???
313-1,????
313-1,?????.??????
313-1,????
313-1,?????
313-1,???????
313-1,????
313-1,???.???
313-1,????
313-1,??????
313-1,???.??
313-1,?????????
313-1,??????
313-1,?????
313-1,????
313-1,?????
313-1,???
313-1,???
313-1,?????
313-1,???
313-1,???
313-1,?????
313-1,???????
313-1,??????
313-1,????1??.???
313-1,????2.4??
313-1,?????
313-1,????6??
313-1,????9.10??
313-1,????14??.?????
313-1,???6???
313-1,???5???
313-1,???2???
313-1,????14??.?????
313-1,????9.10??
313-1,????6??
313-1,?????
313-1,????2.4??
313-1,????1??.???
313-1,??????
313-1,???????
313-1,?????
313-1,???
313-1,???
313-1,?????
313-1,???
313-1,???
313-1,???????
313-1,?????
313-1,??????
313-1,????3??
313-1,?????????
313-1,???.??
313-1,????10????
313-1,????10??.?????
313-1,??????
313-1,????
313-1,???.???
313-1,????
313-1,???????
313-1,?????
313-1,????
313-1,?????.??????
313-1,????
313-1,???
313-1,???
313-1,??
313-1,???
313-1,????
313-1,??2?
313-1,??
313-1,????
313-1,????????
313-1,????
313-1,???
313-1,????????
313-1,???
313-1,???
313-1,??2?
313-1,??1?
313-1,?????
313-1,??4?
313-1,?????
313-1,?????
313-1,????
313-1,????
313-1,?????
313-1,???
313-1,???
313-1,????
313-1,???????
313-1,??????
313-1,??????.?????
313-1,????
313-1,??????
313-1,??3?
33,?????(???)
33,???????
33,?????????
33,????
33,?????
33,????????.???
33,?????
33,?????????
33,???????
33,????
33,???
33,??
33,???
33,??????
33,???.????
33,????5??
33,??3??
33,??1.2??
33,????.????
33,???8??
33,????9??
33,????????.???????
33,????5??.??????2?
33,????????
33,????
33,??.???
33,????
33,????
33,???.?????
33,?????
33,?????
33,???.????????
33,???.?????
33,???4???
33,??????
33,?????2?.?????
33,???
33,?????
33,???????
33,????
33,????
33,???
33,????TG(???)
33,?????(???)
33,?????????
33,???
33,???????
33,??????????
33,????14.19??
33,???(?)
33,???(?)
33,?????.?????
33,?????????.???
33,?????????
33,?????(???)
33,????TG(???)
33,???
33,????
33,????
33,???????
33,?????
33,???2???
33,?????2?.?????
33,??????
33,???4???
33,???.?????
33,?????.??????
33,????.???????
33,?????.?????
33,???.?????
33,????
33,????
33,??.???
33,????
33,????????
33,????5??.??????2?
33,?????????.??????
33,?????.??????
33,???8??
33,????.????
33,??1.2??
33,??3??
33,????5??
33,???.????
33,??????
33,???
33,??
33,???
33,????
33,???????
33,?????????
33,?????.????
33,????????.???
33,?????
33,????
33,?????????
33,???????(??)
33,????(???)
33-1,????.??????
33-1,?????(???)
33-1,????.?????????
33-1,?????.?????
33-1,??1????
33-1,??2????
33-1,?????
33-1,??????.?????????
33-1,???.?????
33-1,?????
33-1,???.????
33-1,???.???(??????)
33-1,????
33-1,?????
33-1,?????(??????)
33-1,????
33-1,??????
33-1,????TG(???)
33-1,?????(???)
33-1,?????????
33-1,?????????.???
33-1,?????.?????
33-1,???
33-1,??????
33-1,?????
33-1,????
33-1,?????????
33-1,????16.17??
33-1,???????(?)
33-1,?????(?)
33-1,????
33-1,SK???
33-1,???????????
33-1,??????
33-1,??.??????
33-1,?????????
33-1,??17???????
33-1,?????
33-1,?????
33-1,??????
33-1,??????
33-1,???
33-1,?????.?????
33-1,?????????.???
33-1,?????????
33-1,?????(???)
33-1,????TG(???)
33-1,??????
33-1,????
33-1,?????.??????
33-1,??????
33-1,??????????.?????
33-1,????
33-1,?????
33-1,???.???
33-1,????.????
33-1,?????
33-1,???.?????
33-1,??????.?????????
33-1,?????
33-1,??2????
33-1,??1????
33-1,?????.?????.?????
33-1,????.?????????
33-1,?????
33-1,????.??????
33-2,?????????
33-2,????????(???)
33-2,????????(???)
33-2,????????
33-2,??????
33-2,??????.????
33-2,???.???
33-2,??????(???)
33-2,???.???(??????)
33-2,????
33-2,?????
33-2,?????
33-2,?????
33-2,?????
33-2,?????.???????
33-2,????
33-2,????
33-2,????(?????)
33-2,?????1??
33-2,???.?????2??
33-2,????TG(???)
33-2,?????(???)
33-2,?????????
33-2,???
33-2,???????
33-2,??????????
33-2,?????
33-2,?????
33-2,????1???
33-2,?????????.???
33-2,?????????
33-2,?????(???)
33-2,????TG(???)
33-2,???.?????2??
33-2,?????1??
33-2,????(?????)
33-2,?????
33-2,????.????
33-2,?????
33-2,?????
33-2,?????
33-2,??????
33-2,??????????.?????
33-2,????
33-2,?????
33-2,???.???
33-2,??????(???)
33-2,???.???(???????)
33-2,??????.????
33-2,??????
33-2,?????????
360,?????
361,??.?????
360,?????.????????
360,?????????.???
360,??????
360,????
360,?????.???
360,??????????
360,????
360,???????.??????????
360,??.????????
360,????
360,??
360,???
360,???
360,????
360,??????????
360,?????
360,???.??????
360,???????????.????
360,??????.?????
360,??????????
360,???????
360,?????
360,?????.???
360,??
360,?????
360,??
360,????
360,????
360,???
360,?????.?????
360,????.??????
360,??????
360,?????
360,???
360,????
360,????????????.?????
360,???.???
360,????
360,??
360,????S???.??????
360,?????
360,??????
360,???
360,???922??
360,???909??
360,????.???(????)
360,????.??????(?)
360,?????????(?)
360,????.????(?)
360,????.????????(?)
360,???3.6??(?)
360,???4???
360,????
360,?????????(???)
360,???3.6??(?)
360,????.????????(?)
360,????.????(?)
360,?????????(?)
360,????.??????(?)
360,????2???
360,????823??
360,????820??
360,???
360,??????
360,?????
360,??????.????S???
360,??.????????
360,????
360,???.???
360,????????????.?????
360,????
360,???
360,?????
360,??????
360,????.??????
360,?????.?????
360,??2??????
360,???
360,????
360,????
360,??
360,?????
360,??
360,?????.???
360,??????
360,???????
360,?????
360,??????.?????
360,???????????.?????
360,???.??????
360,???
360,??????????
360,????
360,???
360,????
360,??.????????
360,???????.??????????
360,????
360,?????
360,??????????
360,?????.???
360,????????
360,?????????.???
360,?????.?????????
360,??????????
360,?????
374,??5?
374,?????
374,?????????
374,????.??????
374,???????
374,??????
374,??????
374,??????
374,????
374,???
374,??????
374,???
374,?????
374,???
374,???
374,??????
374,??1?
374,??5?
374,?????
374,?????
374,???
374,??3?
374,??????
374,?????
374,????
374,??????.?????
374,????????
374,????????
374,?????
374,??1?
374,???
374,??1?.???
374,???.?????????
374,??????
374,??5???
374,??2?
374,???
374,????
374,??3?
374,???????
374,??4??2????
374,?????
374,??????
374,??????
374,????10??.?????
374,????.?????
374,??????
374,?????
374,????
374,?????
374,???
374,???
374,?????
374,???
374,???
374,?????
374,???????
374,??????
374,????1??.???
374,????2.4??
374,????3??
374,?????
374,??????.????????
374,????????
374,???????
374,???????.????????
374,?????10??(?)
374,????.???(??.??)
374,?????10??(?)
374,???????.????????
374,???????
374,???????????
374,??????.????????
374,?????
374,????3??
374,????2.4??
374,????1??.???
374,??????
374,???????
374,?????
374,???
374,???
374,?????
374,???
374,???
374,???????
374,?????
374,??????
374,????.?????
374,????10??.?????
374,??????
374,??????
374,?????
374,??4??2????
374,???????
374,??3?
374,????
374,???
374,??2?
374,??5???
374,??????
374,???.?????????
374,??1?.???
374,???
374,??1?
374,?????
374,????????
374,????????
374,??????.?????
374,????
374,?????
374,??????
374,??3?
374,???
374,????
374,?????
374,??5?
374,??2?
374,??????
374,???
374,???
374,?????
374,???
374,??????
374,?????
374,????
374,??????
374,??????
374,??????
374,???????
374,????.??????
374,?????????
374,?????
374,??5?
50,??????
50,??????
50,???????
50,???.????
50,???????.?????????
50,????.???????
50,???.?????
50,????.??????
50,??????
50,??????
50,????????
50,??????
50,????
50,???????.???????
50,???????
50,????
50,????
50,?????????
50,????????
50,?????
50,?????
50,?????.????
50,????
50,????
50,????
50,???????
50,???
50,?????.????
50,????3??.????????.?????????
50,??????.????????
50,????.??????
50,?????????
50,????5??
50,????1??
50,????8??
50,????
50,???????????
50,????
50,?????
50,?????(?)
50,????8??
50,????1??
50,????5??
50,?????????
50,????.??????
50,??????.????????
50,????3??.????????.?????????
50,???
50,???
50,???????
50,????
50,????
50,????
50,?????.????
50,?????
50,?????
50,????????
50,?????????
50,????
50,????
50,???????
50,???????.???????
50,????
50,??????
50,????????
50,??????
50,??????
50,????.??????
50,???.?????
50,????.???????
50,???????.?????????
50,???.????
50,?????
50,??????
52,????6.8??
52,????8.12??(?)
52,????(?)
52,????11??
52,????1??
52,????4??
52,????3.4.6??
52,????.?????
52,???
52,????
52,?????????
52,???5?
52,????
52,?????
52,???.?????
52,??????
52,?????
52,???
52,?????
52,?????
52,??
52,????
52,?????
52,??????
52,???
52,?????????
52,????
52,????
52,???????
52,???????.???????
52,????
52,??????
52,?.????
52,????.??????
52,???.?????
52,????.???????
52,???????.?????????
52,???.????
52,???.????
52,???????.?????????
52,????.???????
52,???.?????
52,????.??????
52,?.????
52,??????
52,????
52,???????.???????
52,???????
52,????
52,????
52,?????????
52,???
52,??????
52,?????
52,????
52,??
52,?????
52,?????
52,???
52,?????
52,??????
52,???.?????
52,?????
52,????
52,???5?
52,?????????
52,????
52,???
52,????.?????
52,????3.4.6??
52,????4??
52,????1??
52,????11??
52,????(?)
52,????8.12??(?)
52,????6.8??
55,?????(???)
55,???????
55,???????
55,???????.?????
55,?????.?????
55,???
55,???????
55,????5???
55,????.???1??
55,????
55,??????
55,??????
55,??????
55,??????
55,??????.??????????
55,???
55,????5??
55,???????
55,??????.??2???????
55,?????.??????
55,????10??.?????
55,??????
55,????2.6??
55,?SBS????
55,?????
55,??
55,??
55,???
55,???????
55,??
55,?????
55,???????
55,???
55,?????
55,?????
55,??
55,????
55,?????
55,??????
55,???
55,?????????
55,???
55,??????
55,?????
55,????
55,??
55,?????
55,?????
55,???????
55,?????
55,??
55,???????
55,???
55,??
55,??
55,???
55,?????
55,????2.6??
55,??????
55,????10??.?????
55,??????.?????.?????
55,??????.??2???????
55,???????
55,????5??
55,???
55,??????.??????????
55,?????
55,??????
55,??????
55,??????
55,????
55,????2???.??????
55,????1???.??????????
55,???
55,?????????.???
55,?????.?????
55,???????.?????
55,???????
55,???????
567,????.??????
567,???
567,??????
567,?????
567,?????
567,?????
567,???
567,?????
567,????????
567,??????
567,???.??????2????
567,???????
567,???????
567,????
567,???
567,?????
567,?????
567,KT????.????
567,?????
567,??????
567,???
567,???
567,??????
567,?????
567,??????
567,??????
567,???
567,???
567,????4??
567,????3.4.6??
567,????
567,????
567,????11??
567,??????.????????
567,????6.7??
567,????1.2??
567,????5??
567,???.????5.9??
567,?????
567,?????
567,??.????
567,??????
567,?????.????.???????
567,??????
567,?????
567,????.?????
567,????
567,?????
567,??????.??2???????
567,??????.??????
567,????2.6??
567,?????
567,????.?????
567,???
567,????????
567,????3??.????????.?????????
567,???
567,?????
567,?????
567,????.??????
567,????????
567,????.????
567,??1???????
567,???
567,?????????
567,???
567,???
567,???2???
567,???1???.?????
567,????18.19??
567,????20??
567,???
567,???4???
567,????????
567,???????
567,???????.????????
567,?????10??(?)
567,????.???(????)
567,????.??????(?)
567,?????????(?)
567,????.????(?)
567,????.????????(?)
567,???3.6??(?)
567,???3??.??????(?)
567,???????.???????(?)
567,???????.???????(?)
567,???3??.??????(?)
567,???3.6??(?)
567,????.????????(?)
567,????.????(?)
567,?????????(?)
567,????.??????(?)
567,????.???(??.??)
567,????(???)
567,?????10??(?)
567,???????.????????
567,???????
567,???5???
567,???
567,????16.17??
567,????14.15??
567,???8???.??????
567,???3???
567,??????
567,???
567,???
567,?????????
567,???
567,??1???????
567,????.????
567,????????
567,????.??????
567,?????
567,?????
567,?????
567,?????.????
567,????3??.????????.?????????
567,????????
567,???
567,????.?????
567,?????
567,????2.6??
567,??????.??????
567,??????.??2???????
567,?????
567,????
567,????.?????
567,??????
567,??????
567,?????.????.???????
567,??????
567,??.????
567,???
567,?????
567,???.????5.9??
567,????5??
567,????1.2??
567,????6.7??
567,??????.????????
567,????11??
567,????
567,????.??????
567,????3.4.6??
567,????4??
567,???
567,???
567,??????
567,??????
567,?????
567,???
567,???
567,??????
567,?????
567,?????.?????
567,KT????.????
567,?????
567,?????
567,??????
567,???
567,??1?
567,???????
567,???????
567,???.??????2????
567,??????
567,??????
567,???????
567,???
567,?????
567,?????
567,?????
567,??????
567,???
567,?????
571,?????
571,?????????
571,???3??.???????
571,???3??.????
571,????????
571,???3??.??????
571,???3?????
571,??????????.W?
571,????????
571,?????
571,????
571,????
571,??4????.????????
571,??119????
571,?????.??????
571,???.??????
571,???.????????
571,??????????
571,????????
571,??14??
571,????
571,?????
571,????????
571,??????.?????
571,???????.?????
571,??5??C??.???????
571,????
571,??5??B??.?5?????
571,??????.??6???
571,????.????????????
571,?????
571,????????.?????
571,????????.??????
571,??????.???????
571,???.???????
571,???????
571,???
571,???.?????
571,????
571,???.?????
571,??????
571,?????
571,???2???.????
571,???1???
571,???????
571,????.?????
571,????
571,????
571,?????
571,???????????
571,?????
571,???????.???????
571,?????????
571,??????.??????
571,??????(?)
571,?????10??(?)
571,???????
571,???????
571,???????.????????
571,?????10??(?)
571,??????(?)
571,??????.??????
571,?????????
571,???????.???????
571,?????
571,??????
571,?????
571,??????
571,????
571,????.?????
571,??????
571,???4???
571,???3???.????
571,?????
571,??????
571,???2???
571,???.?????
571,????
571,???
571,???
571,???????
571,???.???????
571,??????.???????
571,????????.??????
571,????????.?????
571,??????????
571,????
571,????.????????????
571,?????.??1??
571,??2??
571,??3??
571,??4????.???????
571,?1?????.?????
571,??7????
571,????????.????
571,??8??.??
571,????.?????
571,??????.???????
571,??10????
571,??12??
571,????????.???????
571,????
571,??13??
571,????????
571,??????????
571,???.????????
571,??2???
571,????????
571,??119????
571,??4????.????????
571,????
571,????3???
571,?????
571,??????????.???
571,???3?????
571,???3??.(?)?????
571,????????
571,????????1??
571,???3??.????
571,?????????
571,?????
